şahə	4
rəhbəron	2
bıstənın	2
kambe	1
vindənişon	1
ləğləğə	3
bardəbəy	1
oləti	1
lələxani	1
ğobəd	1
kələm	1
namədiməti	1
dəbastedən	1
bəmarde	3
tum	1
ətrofi	2
təcubi	3
vağzal	1
komonədəş	1
şəyton	1
kuyəəni	1
həmom	4
əşin	3
bıpiyoşe	1
sadibəg	1
jələvonə	1
şodoydə	5
ıştəno	5
kolxozi	7
siə	1
vaxtışən	1
dırıst	4
əzizə	1
guyəve	1
leyson	1
tırkin	1
axməxə	1
tənəffusədə	2
moğəzi	1
janronədə	2
nənə	11
əzizəli	4
giniye	1
bəhvatiku	1
çəvo	1
sıvol	1
məhrəmi	1
devronədə	1
peş	11
zımıstoni	4
bəyo	5
fərəciş	1
şərti	1
kivey	1
dəşedə	15
şər	2
nomədə	5
iclas	1
şikat	4
boci	1
nombe	1
kuyəçəşə	4
molodoy	1
iii	1
məğzədə	1
təbaşir	2
istehzo	1
oləton	9
mandəkəson	1
moskvə	1
boho	2
çəşış	2
ehsaniyən	1
zəmin	7
takoy	1
farac	1
vəyumon	1
şərte	1
fərmonbe	1
hamsiyə	20
məhbubəti	1
ogardedən	2
bırosnı	1
gıflən	1
ğızvəs	1
vird	1
yavəy	1
cili	1
çiçsə	1
soron	12
ovardedə	1
hardedən	2
beədəbə	2
zinhor	2
vohid	3
hikoyəy	1
nominə	4
səhe	2
rəse	6
bıjənən	2
langedəbiş	1
əzıni	1
hərəkəti	1
iştə	9
çoki	5
vinde	1
zıvon	6
xəlği	8
cumşudi	1
dısti	1
cıvonətişon	1
bəstənen	1
zındəm	3
tupiku	1
sor	9
mıdrikə	1
bahamon	1
tırk	1
çəke	1
nahandovniye	1
girinə	1
dənoy	4
məstən	2
umjənə	1
bırnişe	1
telambər	1
bibivəyu	2
iyən	38
kələn	1
fıxıl	1
maştənəy	2
çın	1
mayıfbe	1
merzəlibe	1
bəmə	4
təkid	1
ziyod	2
tərgi	1
direktoriyən	1
ruyənin	2
muxtar	14
bınən	1
kəbinet	1
viyə	1
çoçin	1
gujdon	1
de	187
pedoydə	3
fılon	4
zıvononədə	3
dastiyən	1
dəşandedə	1
əlişoni	2
bəysə	3
xubə	1
dəbastə	3
sinifədə	1
poçtalyonbe	1
bıən	9
guyəvon	1
bəmi	1
sərvaxtə	1
nıbo	2
voteyəni	1
xomı	1
dı	41
ıştənımən	1
bədəlonədə	1
cıvonon	4
fakti	1
hıriyəşbe	1
çiçədəy	1
burə	2
otəşi	3
ğeyfi	1
kəvşəno	1
dukonəvədə	1
şişə	5
bıdən	5
məcbur	4
geşə	1
gədəy	2
zoə	75
sıvık	1
ekarde	2
bəpeştə	26
bekef	1
imtohon	2
norohət	1
sədo	24
dıynənən	3
roduşı	1
sıpən	1
masallı	1
deminə	1
kəşedəybən	1
cıvonə	5
kəson	1
məsə	4
şogirdi	2
əmandıni	1
şəri	2
votedəbe	1
kıvləti	1
keçəən	1
bearə	1
kardeyən	1
liskəy	1
piyedəme	3
nəzorət	2
gəpəjənon	1
xəbə	64
mıddət	1
cəvob	21
gitşə	1
boçiş	1
vəzyəti	1
pardə	1
yahu	1
məktub	2
bekardedəş	1
kəybə	4
mıəllif	1
olxartəbe	1
xəymon	1
pəhlivonon	1
məydon	5
xəbərim	1
dojnedə	1
umutı	2
universitet	1
daveədə	1
hardımone	1
zınedənıbe	1
hovə	9
ğəbi	13
fıxıli	1
şuyə	2
bəzande	1
pevuznə	1
əgətin	2
dimi	11
mədo	3
zandəgoən	1
bədənədəş	1
loşisə	1
boçi	35
v	2
dil	1
pesutəşbe	1
əzini	1
sərəsəy	1
temn	1
çoglə	5
bılındə	2
cum	2
məkəş	2
gavar	1
şuyədə	1
miəllimə	2
hikoyəsə	1
divo	2
gınedənin	1
nığo	2
əcibə	1
zandə	4
pencəo	2
ekə	1
nəfəsı	1
poəy	1
vıjnero	1
cəhd	2
pıştoni	1
bın	5
əcəlləku	1
koo	1
alımbe	1
lankon	1
bonisə	2
nışongo	2
xalı	1
roməvonəti	1
sıpə	21
xərobə	1
bəyku	2
xatunə	2
əhmiyət	1
omeydən	1
oğrəş	2
ico	5
torbə	1
gandımə	1
barzə	2
nado	1
beşedəni	2
kamili	2
mezı	1
vırədən	2
axməx	1
umut	2
şe	18
xəlilovon	4
tərəfe	1
bili	1
dukonon	1
lange	4
direktori	3
vazilə	1
ğəşş	1
ənəy	1
kəssir	2
moəgılə	1
kəsi	7
kulli	1
çəyo	19
sənışte	2
davardedəni	1
xeyli	1
rəğibi	1
duston	8
piyəjen	1
hımbədə	1
kişi	5
ağılış	2
tuş	1
təylin	1
çıvrəy	1
cəbrayil	4
əzınimon	1
həmsohbətbin	1
donzə	1
vixodnoy	1
həx	6
sırəynə	5
nur	1
salehi	1
əsgəri	1
dukonəvə	1
peşomedəm	1
oməbe	3
ğərori	1
zınedənim	6
çe	83
kitobxonəvon	1
səbri	2
suni	1
bızi	1
şoydəti	1
oğoli	1
mərc	1
uston	2
doəşbe	3
vəzyətış	1
cım	1
tərəf	17
bəg	1
şoğəribi	1
ruziəli	1
çəmiyən	1
dılədə	13
çokış	1
duşisə	1
ogıniyəbe	2
dəşande	1
çəkkə	1
mehmonon	1
gezion	1
gədəli	2
əliheydər	1
təbo	1
həlbət	2
zırnojəni	1
əğrəbon	2
saru	2
boəy	11
isabalə	13
votem	4
həkimi	1
əkəyn	9
dəvon	1
mandeyro	1
məsğərə	2
fəğıri	1
vavazi	1
çəşonı	1
ğəzəbnok	1
behiştə	1
niyətım	1
kamil	3
ağə	1
vığandedən	1
mığonıjon	1
dəkandedə	1
həlbəttə	3
dəşedəm	1
toşe	4
lol	1
aldi	1
ğəmbəra	1
doyənə	1
poə	7
məxsusiyə	1
sırpuşə	1
çişine	1
moğnə	2
bəs	37
ələsgər	2
sıst	2
məbən	2
nuniro	1
zəvodi	4
hukməti	3
səyad	1
rəyono	1
ruf	1
buməlarzə	2
məlume	1
odəm	22
meyline	1
pesutedə	1
roəkənon	1
çiçonku	1
çəşbe	1
har	23
aləm	2
zumandə	1
doxtori	3
gəp	26
məştəğə	1
arəo	4
penc	7
ogırdıno	1
maştə	23
zəhlə	1
ğudrətinə	1
dastədə	3
hey	1
bıəni	4
ğəbul	7
conbozə	1
səbəro	1
həşinıştə	1
bəyəndı	11
yəndısə	1
kənoədə	5
peçoknedə	1
həvəs	1
koyədə	2
zoəm	7
nişo	10
butkə	6
egınin	1
məclısədə	1
mənzərə	3
yaşməği	1
lu	1
nınbin	1
əhməd	13
ğısım	1
beşi	6
sininə	2
ərızə	1
çiç	53
kəlxozəti	6
nişe	1
fərmoni	1
əşiybən	2
andom	1
nığıləti	1
bud	1
ğazə	1
sixanbikə	1
asim	1
bəvonbe	1
kələk	1
siyabi	5
peştono	1
pepuşiyəyş	1
votedənim	1
noxəş	5
nuyə	1
ijən	7
dəmandedən	1
bıtojon	1
iştirok	3
benımoji	2
dandoni	1
eynəliobə	1
şalmoni	2
merzəxan	2
ərəsi	1
həmişə	1
guşono	1
şeydəbe	1
rujnomə	2
bəştə	91
bədəş	1
kədə	23
cəhəton	3
mı	13
vardəşeybən	1
kələmə	1
sıftə	3
həyfim	1
dini	1
lələxon	1
tuki	1
dıli	4
xəlği	1
kardəşonbe	3
bentoni	2
egıniş	1
mınosibəton	2
pit	1
bıbəmon	2
şirəli	3
tənxo	1
remont	2
dastı	1
xanəli	7
konolədə	1
zəhləbardə	1
niyə	1
gınedə	25
əğılonən	1
şobəlud	1
bəhvati	1
əyvonədə	1
kardedəşe	1
dəsko	1
yəhyo	3
nohəxiku	1
aşığonən	1
bezəhmət	1
dərsi	4
şudə	1
səşe	2
nobənoə	1
moy	3
şışte	2
imom	9
ədəbiyə	1
əmrış	1
vaxtiku	1
ğibilə	1
miəllif	1
traxk	1
sındi	1
həyvon	5
hıste	1
zırnojən	3
cirən	1
əkiştin	1
ləvo	6
hılış	1
fəğır	1
sədrən	2
rəyonədə	3
pentoni	1
tənəffuse	1
al	1
ciddiyə	2
jəğoən	1
çıği	1
conkənış	1
obirnən	1
avgust	1
şabonə	3
və	12
bəmısə	1
nənəmardə	2
sinədəftərə	1
diyəroədə	1
çandon	5
bedəşe	2
peyəgınin	1
ambo	1
jəşni	1
bebəkə	1
ənovni	1
uslubi	1
bıgını	1
mırdol	3
tikəjy	1
hurmətışon	1
tojəbətojə	1
kırçobə	1
gəvon	2
təsedən	1
lənəti	1
vişən	1
fikfami	1
eməy	1
amu	1
peyəkəy	1
bekardışone	1
oson	1
şabon	8
məğz	2
teatri	1
miyon	6
yəğobən	1
ğəbisə	1
əğıl	11
çodo	1
zono	3
boy	22
məloə	1
ıvrəy	1
kommunist	1
vırəy	5
problemon	1
ponzə	2
keynə	1
gətəəni	1
doydəbe	1
iv	2
pul	12
ğolami	1
xıdohafiz	1
gıniyedə	1
mıəllifi	1
dasti	15
butkədə	1
suləymon	3
həmon	5
nim	3
xəbəşon	2
kardedəni	6
kokbiş	1
əloməte	1
molon	2
bərəkətin	1
əmmo	19
dəlloki	3
zıne	2
diyovıjiş	1
ni	7
bıvğandı	1
həşədə	3
huseynlə	1
çəşən	1
sıxanbıkə	1
cəmdək	1
sırəbe	1
kilo	5
teli	1
çiçonimon	1
əgəti	1
şəviku	1
bəmande	1
zınəym	1
dəşedəni	1
pərt	2
çande	3
həmən	16
kagəhvat	2
şer	7
gıləyniyən	1
gətedən	5
kiloynə	2
dızdi	1
çətonru	2
bıstəni	2
kəxıvand	6
gələvon	2
paliyo	14
darzış	1
mi	2
nimən	1
azərnəşr	1
nıkardışone	1
iyən	3
səyədə	1
aspo	1
zizə	1
beşəş	1
moləço	1
mandən	1
diyovıjon	1
bursə	1
kıştedə	1
piyan	2
most	1
nıbe	11
səydənıbe	1
əkuy	1
xəzinə	1
həmmə	2
araxçinım	1
bısuto	1
beyku	1
duma	1
bəkam	1
enıgıniye	1
giyış	1
baci	3
şəhrıjə	1
yaxçidu	1
polad	2
şərt	1
çəşjə	4
ehandedən	1
okırnedə	4
tanım	1
mənote	1
bımandı	2
dodo	1
rışxand	1
ədəy	3
umuti	1
zonon	2
xorəko	2
əyvoni	1
əbi	10
gullə	1
bıbi	4
vəzifonədə	1
binən	2
camat	2
xıyzon	2
gəvədə	3
bıənıbin	1
yabə	1
xoşi	2
bırəs	1
ğəbiston	2
avropədə	1
anc	2
bədbəxtətiku	1
pəltək	1
əvonim	1
kardəni	1
gınedən	1
mardedən	1
səydən	8
pələngon	1
xılx	3
oldozışon	2
mətars	1
pepuştedə	1
cəvobiku	2
cəmal	1
kırnedən	1
dınyoo	1
zəminən	2
miyonkuyədə	1
əvəsorəvədə	1
əlləyək	3
bəbarden	1
ğədəğən	1
əğılim	1
bıəm	2
murtuz	3
məğzi	1
kəşe	3
odəme	1
noxəşxonə	1
ğibon	1
sıği	1
ome	7
behəyo	1
bipisə	1
evat	1
ovəkırın	2
formə	1
millət	2
koədə	7
gıiye	1
nıştəbe	2
yamənə	2
bovə	7
dəvardin	1
huseynəli	7
vi	3
əxxəy	2
tani	2
həmməy	29
nıtğon	1
ğıybət	1
poyedənbən	1
şaboni	6
sipəkutilə	1
okırijedə	1
azən	11
əkıştin	1
bənav	3
hardeyədə	1
ogətedəm	1
hisobiku	1
kəşedən	1
şoydi	1
həmomo	2
peşoməşbe	1
aləfon	1
sıftədə	3
məsələ	6
səhv	1
nom	17
tumə	4
daşt	2
merd	39
otəş	2
ğəylə	3
fis	2
səheyə	1
həkimon	1
zu	4
təsuf	2
ibodət	2
payliyo	2
xəlilovon	1
sipirişon	3
gaytar	2
şəx	1
arsi	1
cərimə	1
nəcəfə	1
bıdə	39
nobəno	1
go	5
diyəse	3
devr	1
sədri	16
rəyoni	5
baxışov	1
bəme	1
bıpatım	1
fabriki	1
rəbı	1
egətədən	1
bənişte	1
sırəym	1
voə	1
nıvıştəşone	1
dəbastəşe	1
kəl	2
mande	14
koəkəyon	1
də	1
hıteydə	1
neməton	2
bəçımı	7
sıron	1
ruk	1
bəvoteş	1
əloğə	1
papruz	1
diyo	3
əməni	1
votəşni	1
əsronədə	1
ğıçi	2
cohilə	1
şəvonədə	1
nıngon	1
varde	5
omutə	1
dəvoniyə	1
bırnedə	4
beşedəm	2
husəynəli	1
ehaştedə	1
tasbəbe	1
bukədə	1
kiştəşe	1
şiəllə	11
sıpəkutiləybən	1
pentono	2
məzlumi	1
həniyən	2
xıdoa	1
ling	1
arəku	1
məmmədəğə	6
ji	6
curi	4
ijo	1
merdə	2
tifang	2
hico	1
şotkə	1
soy	5
cifış	1
xəcolət	7
təsir	2
gınom	1
hağ	1
bınə	1
beşt	1
şimə	2
bıgordini	1
tərəfdoron	2
kardə	36
jiyedən	1
dılgi	1
sənət	3
koyi	1
sıre	32
çuədə	1
peydo	3
əğılon	15
əcəbışon	1
ogınim	1
dıglə	26
nubə	4
penə	2
beçəmiş	1
gətə	5
cəfərən	1
nə	24
hımbə	1
noxəşe	1
umjən	2
şiş	1
ə	51
niməyjə	2
ovujniye	1
nəcəfi	2
pevılo	4
nıngisə	1
ıştənəpərə	1
rujgori	2
avəvu	2
veyəzın	1
peyarşiye	1
surfəsə	1
nəfəs	2
piyəy	1
dumo	26
pəredə	1
məlo	72
səkıştə	1
baka	1
şavlo	1
hıriyeku	1
ogoniyən	1
həşi	2
ənovniybən	1
şəbiş	1
çəye	1
mıharibə	1
tebe	1
əştin	1
rəyrə	24
tobə	16
səfi	1
gi	1
məsut	1
sin	6
nızınəkəs	1
bando	1
səmutə	1
pıəye	1
hardedəmon	1
rə	18
tərəfədəy	1
bardə	3
şit	1
tijon	1
əlbəsahat	2
gevə	1
nəsrəddini	1
biyə	7
zınedəni	24
xaləzoə	2
vindemoni	1
kəlxozədə	1
soronku	1
pozi	1
penışteədə	1
poye	1
vaxton	5
hırdə	1
gəvono	1
nımoj	13
daston	10
klubi	1
akonıj	1
bivotiş	1
prokurori	3
həxi	1
tralrtor	1
həmronədə	1
xosyəton	1
sırəhuyə	4
bə	904
nimədə	4
mandə	13
kardedənin	3
nıbeşe	1
beyro	1
jigoən	1
tırkbe	1
əyonon	1
haştənin	1
imiyən	1
sohbətiku	1
patəşbe	1
baxşedəm	1
ogətedən	1
əvotiybən	1
ehandedə	1
təklif	1
biski	1
nalogiku	1
bear	1
evate	1
bırğədir	2
siyohi	2
bəkan	2
nalogiku	1
sorədə	3
xısusi	1
xəlilov	4
avlodi	1
bekardeo	1
bırəsı	2
vardışe	2
gıniiye	1
rohat	3
ləğv	2
esət	2
bıznən	1
nışt	1
əliheydəri	1
bejəni	1
ğasbu	5
bebəşen	1
heydəri	1
bədoş	2
əkənim	1
həxı	2
kamali	3
kitobon	1
imamverdi	1
modəm	2
iştı	13
dəvonedən	4
bərpo	1
vırəş	2
hardı	10
gavər	1
əsnoədə	1
samit	1
miəllimbe	1
dastnımoj	2
orəxi	1
mehmon	5
dəlokobə	2
dənodəm	1
nəhməti	2
direktorbe	1
nəvoy	1
garde	1
xx	1
damə	15
kim	1
balə	39
dasthor	2
pılo	10
məktəbədə	4
kəxıvandən	2
kagəhvati	1
bıdırıni	1
eloşkinedə	1
çıko	1
bıbaxş	2
rusi	1
xosyət	1
sovxoz	1
dəşəbu	1
marzonədə	1
şırtulə	1
dəcələ	1
peşandedə	1
yod	6
diyəkə	13
iyom	2
kardəmni	1
ğəzəncə	1
avlodon	1
sıreyən	1
nəy	7
teymurə	1
hay	14
bədom	3
bekarde	5
zınedənişon	1
mıayinə	1
gone	1
məşhuri	1
cigə	2
bəznemon	1
sədrətiku	3
nıdonən	1
gəv	15
hande	6
zəki	11
doydənin	2
bəo	1
dışmen	2
beriyə	1
xıdo	49
dəlil	1
muzin	1
şəsti	1
soyə	2
şedəm	6
xun	6
ıştə	150
obırnən	1
həvulconi	1
benıkardıme	1
məktubon	3
soyb	1
mogu	3
kəxıvandi	6
təvə	3
vedrə	2
con	4
dəsudə	1
fərğışon	1
tan	3
liberə	1
miəllim	74
veyə	3
tədoruk	1
duovi	1
şərtiye	1
piən	2
ımrujnəku	1
şəriku	1
kardışe	23
egətedən	1
əğılım	1
təğiyev	1
kiyəsə	1
hıvoskə	1
hukumət	2
lozime	4
bıdonən	1
populyarə	1
lələku	1
zınedəbe	1
siyo	1
səlah	1
kıştışe	1
gulməli	2
lələya	1
pehande	1
diyənon	1
davonedən	1
vıron	2
əsri	4
rışvə	6
patedən	1
jiyə	1
kəmol	1
nıggə	1
konduktori	2
vıxodnoy	3
dəçıkedə	2
bıjənəni	1
rəsedəni	1
nahaştışe	1
mınnət	3
koyku	2
pekuyedə	1
foydə	2
avariyə	1
izzəti	1
xom	1
çəxırəhə	3
eləsinə	1
sərbozonən	1
çanədə	4
əzrəği	1
heydəri	3
təloği	1
vangi	4
ğram	1
kuti	3
əxxoy	2
perosniyəme	1
nımoyondon	1
okırnime	1
cıvonətiyədə	7
pəpruzi	4
sədə	6
mınosibət	1
şali	1
cif	3
vəyəreçon	1
rujnəku	2
ismoyl	1
gomon	2
həxədə	6
baxşə	1
obedə	2
zorbon	1
çəşi	5
beşə	3
həşipemə	1
ərəbəən	1
bəməl	1
pidəşbe	3
kuyən	1
aziməni	1
koxıvandbe	1
avarə	1
gozəl	5
ğələtım	1
məsəkəson	2
fəxr	1
votə	5
mol	5
yumorəti	1
hisob	8
sırpuşi	1
ğəssəm	5
jen	41
mızəffər	3
tarixçə	1
oldoz	1
həmonə	19
sərəncom	1
yaxçidu	1
bin	8
ogoniyəybən	1
kəo	3
nəvə	6
kinəm	1
pexəvedə	1
amnistiyə	1
nusrəti	2
gəzəbnok	1
zəhmət	4
rostə	4
omeydə	3
dastədəybən	1
bıvotişon	1
kom	14
çok	17
hostonebu	1
bedəş	2
bəhə	6
bıpatən	1
rujədə	1
otsuda	1
replikə	1
kaftorə	3
leysoni	1
egıne	1
pidəşe	3
iberdəmə	1
iclos	1
ğarz	2
ğusli	1
leynə	3
lətifonədə	5
bədigə	11
dılış	2
məraği	3
cır	3
poyə	3
çodoədə	1
ğənim	1
lıskəy	2
lolə	2
movge	1
leningrad	1
ğanunədən	1
piton	1
təkəyəni	1
bəhvat	1
hutbedə	1
təlbisə	1
huseynov	1
oşandedə	2
kınci	1
noy	8
oşande	4
bişu	1
rısvo	1
asp	1
okırneədə	1
şəbədə	1
səo	5
kırdi	2
gavz	1
peşome	7
votedəbu	1
dənibəşem	1
ələkbər	2
gulim	2
kobəson	1
partiyə	2
niş	1
eğande	1
təmiz	3
teşt	1
sohbətən	1
dəçınən	1
kırnedəybən	1
gozəlış	1
ogardəbe	2
imi	1
genc	1
ubəmuteş	1
bıvotbe	1
ıştəku	2
sorbe	2
cifədə	3
şulon	1
çayə	7
bomı	10
sore	3
gaən	1
məleyk	2
zıkbəco	1
ğudrəti	2
daməbe	1
davardeədə	1
kardedəbe	10
bıvotı	4
hiədə	1
şikilədə	2
zılımkorəti	1
jeni	36
ıvrə	1
dəxıl	5
şıto	1
curbəcurə	2
şərton	1
dim	4
məşdi	2
bəvaş	1
səmandedə	1
kon	4
sədrəti	1
bəhsəbəhs	1
vəkiliku	1
ionə	1
ocəği	1
hırangonə	1
bivotən	1
çiyon	4
şatə	6
angiştə	1
hissə	2
bızın	3
kut	3
vəzifə	2
pe	2
ocizə	1
zərfəton	1
niharde	2
cıli	1
gərdən	1
tumi	1
nasir	1
tohmət	1
xugi	3
sutışe	1
haftəy	1
məloən	1
bubu	1
iminəni	1
təhməz	1
maholi	1
vicdonı	2
musa	7
məşə	6
məçiti	1
nızınəşe	2
xaliğə	1
bımandin	1
məse	1
çətiniyən	1
ziyorətono	1
gəte	6
sinən	1
rişi	1
səvxoziku	1
mərağ	1
xahişi	1
pıdəşbe	1
mağıl	1
dukondori	1
ğəbo	2
nışo	2
aspi	4
valay	1
gıniyəbəy	1
zoənəvə	1
bıro	1
penəgəti	1
ıştənobıvotə	1
bələdbe	1
ibrətinə	1
cifon	1
ənəviy	1
səbəbən	2
kome	4
eğandeədə	1
voteş	1
jeədə	1
bıkəşən	1
kardime	2
təmom	3
jimoniku	1
boə	2
əsgər	2
ha	93
çəşon	16
sıpəşonən	1
tı	91
hivə	2
məkkə	1
ni	41
mehmondorə	1
əsırin	1
bıəyon	1
aşıği	1
mədojən	1
gırdəve	1
doəşnıbe	1
bınəmon	1
dılpegətə	1
sırafsunə	2
bışişon	1
şıştedə	1
sinəjən	1
sıri	1
bekardəşone	1
donə	7
gəvisə	2
dastəbozəti	1
xanəliku	1
miyono	1
kurə	1
əçəy	4
bardəşonbe	1
nəbəy	2
bəykuybən	1
rast	10
pegətışone	3
hore	2
sığortə	2
zınedənıbim	1
masali	4
fərəci	7
doşone	1
nıştedən	3
fikri	2
zəhrimorə	1
dili	1
səpo	12
şımbəşıkırəti	1
lətifəən	2
dəvonedəybən	1
yolı	1
bırz	1
məsəme	1
mandedən	6
zərfəti	5
vakanən	1
fərəğət	2
mangi	1
sinin	1
peşomo	1
koncoy	4
raxs	1
saati	4
hisob	1
bıvotiş	1
jəgo	12
beriyə	2
mənən	1
gıneədə	4
rufi	1
bevəcə	2
ğızlıvoədə	2
məzəngulə	1
maşki	1
guri	1
şəvi	13
bəşti	4
ovi	4
bəharde	1
biyən	2
zolımi	2
təxminən	2
tovən	1
yodo	2
çəy	92
bı	55
əğıliyən	1
lənət	2
urusi	4
əmrəstəni	5
bakam	1
jəğom	1
bey	2
burs	1
zıngıri	1
əmrəstəniku	1
jenon	15
həmron	15
sərvaxtəti	1
jıgonə	1
avsi	1
mını	1
yaşasın	2
gəpim	1
noə	5
miəllifon	1
ğodrətə	1
şəytonətişon	1
tınən	4
sozə	1
oməkəson	1
vitedən	4
doə	21
bəhəəni	1
nəsrən	1
mandin	1
bırosnəmon	1
məxsusən	1
gırdəcəl	1
oyo	1
nomış	2
ğəhrəmonəti	1
fərzulla	1
ehanə	6
pur	8
xırtədə	1
gıləyən	4
oəgəti	2
gətedənıbe	1
plani	2
əbıni	9
bakardemon	2
rozə	3
parson	1
car	1
baxşimon	1
şəbe	3
məğom	1
pıəku	2
amube	1
nolə	2
etiroz	1
ebənəmem	1
ovoştıneyro	1
soğəliyə	1
əvıjninbən	1
bəba	2
əzınim	5
tırki	2
bıkəy	4
zərfətbıkə	1
teşti	1
mıhoribə	6
mirvori	1
dayanbe	1
ğərol	1
kəşedəş	1
pevatə	2
rosnedən	1
səme	3
bıkaşt	1
peştisə	1
iminə	1
peşandiş	1
piyəmerdəti	1
gədə	42
tono	18
zoəşe	1
muçək	3
doşe	9
bolədiyo	1
kardımone	1
eşəloni	1
bımi	3
hostoni	2
toyki	2
edib	1
hərbi	1
bışo	2
be	49
bıvotən	2
hut	3
ofəyevon	1
nomiyən	2
pəşimon	1
lələzoə	9
xanımən	1
bahaşt	2
şıxəli	15
ey	2
miyonışən	1
çəşə	1
xəbədo	1
bəhən	2
siconi	1
ozavzi	1
laybalay	1
əvo	1
nəcəf	2
vədən	1
təbiiyə	1
şedəbu	1
parçini	4
pələngiyən	1
burti	1
ləxə	1
dadi	1
sırədə	1
bəhs	1
dumotonədə	2
dəşi	3
əsədiku	1
hələm	3
saatən	1
tijə	1
dastpoçə	2
bırniyə	1
nızınəme	2
telıə	1
nim	1
besənəd	1
guşi	2
şıxan	1
sədrəddin	1
nıbəkəsonən	1
nıkardışe	1
dərəsdəni	1
bərəse	2
hardıme	1
dilavərə	1
hiçe	1
imon	1
iclas	2
xandəxədə	1
musavati	1
həmronku	1
ğızılə	1
bımədə	1
miəlliməti	2
mirğobəd	4
boxçədə	1
ğəbıstoni	1
boloədə	1
xəbəm	1
məslohati	2
curəy	1
sərbozon	3
bəşem	1
dabastəme	1
xəritəən	1
bəsə	42
di	30
lələ	26
icozə	3
rəhmətşə	51
səriştə	1
piyolə	1
çılədə	1
curəbəcurə	1
həm	10
pıt	1
cəddi	2
ezımən	1
eğandedəm	1
doədə	1
kovrəy	1
noydəbe	1
aşuli	1
hisobən	1
edyəsəy	1
dastə	12
votəkəson	2
pidəşebən	1
darde	1
si	5
umutedə	3
fermə	7
şəvlo	2
əmr	1
tolışston	2
şəhidon	1
şinə	10
nəveədə	2
jəkəson	1
moynə	2
ovaştı	1
ğərbiyə	1
koməgi	2
jəydə	40
sərxoşə	1
halol	1
botı	6
əhandin	1
vidiokəşi	1
xəlil	1
rık	3
lefi	1
ərəsni	1
sırpuş	1
gurbanov	2
sıxane	3
arşiyə	1
mahol	1
zınəşnıbe	1
mır	4
peşomedə	4
kotib	3
çokişe	1
şirvani	2
kaskə	1
vaştedə	5
həngomə	1
anonimə	1
traktori	1
holyət	1
mandəm	1
məsələro	1
ğıymətiye	1
gıləyniyədə	1
şedəbin	1
uzi	1
pidəşbu	1
uəmutim	1
çəğəteğiku	1
komco	2
bıkə	40
həvate	5
çonə	2
bijənim	1
gıniyəbım	1
beşim	1
sırri	1
pehandedə	1
pebast	1
benomusinə	1
peşoən	1
məvotişon	1
rosnedə	2
mandedəm	1
pekırnişone	1
beşedəbin	1
vəssəlam	1
lokə	1
şedən	13
cəlal	1
boçı	1
hafizonədə	1
dialog	1
oərəz	1
cəbrayili	3
novellə	1
əkəşin	1
bəvədə	10
voteyəni	1
ocəğe	2
gandımi	1
pəgətəmon	1
zəminon	1
tojəzandə	1
davastedəniş	1
insofən	1
umutəyon	1
davardə	1
bışim	4
xıdovandi	1
xalığə	13
nəm	1
traktorışon	1
tase	1
eynəliobədə	1
hıtən	1
bısıvnim	1
ot	1
gətedəbin	1
vız	1
jığoşə	1
navko	5
gordınedə	1
ziyone	1
kulok	1
zevılə	8
ğabilyət	1
həş	3
xanım	1
notəmiz	1
polison	1
zırəke	1
soşon	1
ogıniyə	1
vitedəni	1
bıənıbe	1
gasbu	1
urutdəm	1
bardedə	5
tadibəsə	3
çımı	76
rıkin	2
vey	58
bivoti	1
nifin	1
sırəyn	3
nəkəybən	1
rangı	1
dəlokə	2
zoəş	5
tikiən	1
rost	23
əğrəb	1
bılıv	2
bırəsən	2
çətin	1
yaanki	1
ziyofət	5
ve	36
anekdoton	1
dəbastedə	1
bəzıneşon	1
gıniye	9
əvomətişən	1
cifo	3
zımıstone	1
ərəği	3
gujdiyən	1
əhəybən	1
ovə	1
beyəşi	1
obəbe	1
co	30
əməsişon	1
jurnalon	1
jenxıvand	1
satə	1
dəjedə	1
hardəynə	1
ərəbəo	1
həssose	1
bebuli	2
dıkəsi	1
vağzalədə	1
koğəzə	3
ətoşi	1
yəndı	1
dıyoye	1
məsəşe	2
bebəfoəti	1
yunisən	1
dıvon	1
kardəm	1
hucət	4
bəle	4
beməsrəfə	1
ğələmerzə	2
mıddəti	5
bıbə	2
taspə	1
ğərzulla	1
asb	1
bebəka	2
surətədə	1
heyvonon	1
pır	2
şəşədə	1
dədovnem	1
şedənıbe	1
tumcorədə	2
maştoni	1
cəmat	14
dəgış	1
zalədəy	1
bətıkuye	1
interneti	1
jenən	2
imom	1
şeydən	1
mərtəbə	1
lıngon	1
məzahir	2
dıl	3
kəsodətiku	1
avlod	3
layığe	1
benışoş	1
ekuye	5
hisobdor	1
hll	1
merzəli	1
mırvəti	1
çəşonədə	2
ləndəvurə	1
ziyad	6
sipirişə	1
mətbu	1
nimən	2
ərə	1
gınoye	1
çəşım	1
organonədə	1
mandəybən	1
toyfə	3
nıkəşəy	1
rujnomonədə	1
navkonə	2
bedənim	1
handedən	1
kinəjen	1
səğ	1
xahiş	1
dəşeədə	3
nuni	1
cəddonə	2
epo	3
zınedən	2
əhvolotiku	1
bəbole	1
zəhmin	1
zande	3
isbotiro	1
ım	111
mılki	1
naxşinə	1
bəçəj	1
gozəli	5
mıhoribəku	2
avavu	1
nışonəkə	2
jəyədə	3
gınim	2
borkədə	1
eğandedə	5
dama	1
omənıbe	1
pekırnedə	2
əsgərəti	1
lıvedəni	2
vəyuən	1
bəbaş	1
keşkə	1
məlumə	3
ğəni	1
nıdoy	2
şıt	4
səfəo	2
oşedə	2
bıboş	1
bikəəni	1
məclisonədə	1
boğə	1
hurmətin	1
urusiyəto	1
vəseyəni	3
mıəllifon	2
imon	2
zınəkəs	1
miəllim	1
tındə	2
hıriyə	1
edaştə	1
çiyə	1
hisobi	1
piyanıskəbe	1
sırafə	1
səpeyəndı	2
sıxanbe	1
jınə	1
bıəş	5
xəy	10
bokuyo	2
rəhim	3
mex	1
omən	1
dastbədast	1
milisioner	1
pebəgəteş	1
məsələdən	2
dəvardı	1
nırrəku	1
bıhıtım	1
kinə	43
sinədəbin	1
hırdəni	2
dumontonoybən	1
koke	1
ğıyməti	1
vəyəxonə	2
eəgınin	1
zırno	7
kardedəm	19
asbardon	1
biə	1
folklori	2
bətışon	1
sən	1
ğandışe	1
pınhonə	1
dəbastım	1
şahbozə	1
dastəən	1
ın	4
əlbəsaat	9
mo	1
ədəyş	2
dəşəm	1
əpişe	2
iglə	5
bısoxtin	1
vicdoni	1
şodoydən	1
ğırvəğbe	1
şəki	2
tir	1
nıştəybən	2
pate	3
səşonbe	1
hurmətinə	9
dəçıpnedə	1
sədriku	1
pidəme	1
mıhoribəo	2
votedəəni	1
cımə	1
temıriku	1
ozod	4
şərəfinə	1
pibe	1
gəmi	1
hərəbaxtim	1
aləfəhiyo	1
subun	1
bıbunən	1
iflic	1
dimı	1
hıtiku	1
hıt	3
hejo	48
kərbəlo	2
ğıvvə	1
bibizoə	1
ğəflətən	3
yəndıku	3
gətise	1
dukonədə	3
kuməo	1
şobə	1
gəpən	1
kəbobon	1
dılədəş	1
yoliş	1
oçınedən	1
bırnedəş	1
abuzərə	1
bismillah	4
iskanjə	1
beşeədə	4
əlləyəkədə	1
əkəybən	2
əvindin	1
ki	10
omedə	101
giyəvo	1
ənəvin	4
bənovnem	1
bəşə	1
anguliyədə	1
əlişon	3
rujiku	2
saatiku	1
şəniye	1
pərə	1
nıvıştə	1
rəis	1
şıri	1
ğaydə	3
xılijə	1
kardedənıbe	1
bejenəti	1
dəçıkəkəsin	1
səlom	8
ğəbuli	2
fər	6
mısılmonəti	1
teymuri	1
bəvoten	5
bandıjin	1
ruşnə	3
vote	22
jintonədəybən	1
yədə	1
əhədov	1
xaləbe	1
məhərrəmə	1
hozo	3
votedəş	14
benəvo	5
imorətış	1
əfhaye	1
bədəloni	1
satirikə	1
arədə	17
tamtamijə	1
roysəbe	1
omeydəşbu	1
diyovıjı	1
internetə	1
haftom	1
məsəlisə	2
bişi	1
prokurorəti	1
dukondor	1
soz	1
rostebən	1
əşi	2
umutiş	1
parizım	2
bıhırı	1
dingə	1
bırimonə	2
tənğıdi	2
rəhmət	8
okardışe	1
koədəy	1
vardəme	1
bon	3
kardəme	2
bahandon	2
kələdə	1
obırniyəme	1
do	5
camal	4
adətışbe	3
şo	3
nun	16
çiysə	1
egınim	2
səydiku	1
mang	3
rəseədə	5
şikil	2
tikeyən	1
bikef	1
bidad	1
rınciyedə	1
bıgət	4
beədə	3
heyrəti	2
bıstənı	1
piyedə	8
komisiyə	2
dasto	6
şikli	1
tel	1
əsosən	3
leynəo	1
ğoləmi	2
çəvonku	1
ləzzətinə	1
mandiş	2
hıtə	2
bastə	1
əcəllə	77
nımandın	1
çokişe	1
tifangəvonon	1
mənoən	1
dəbədə	1
tonədə	1
guş	14
həlli	1
odəmi	19
mırvari	2
xəyləki	1
ko	35
ağsu	2
kosibbe	1
gin	3
gəpə	1
anekdotədə	1
şixəli	13
xəndəxi	1
yəğob	3
məsələku	1
dustbin	3
dəmə	1
mıbohisədə	1
kali	5
nıvindı	1
təloniye	1
nımojəvoj	1
şave	1
aləskəri	1
siyəbe	1
bəvote	1
mirəkbər	16
pəydo	10
bırniyedən	1
cəmiyəti	1
pukə	2
tədbirine	1
yəni	5
kitob	1
çiki	1
tovədə	1
norozi	1
vaxtikuyən	1
metrə	2
vındedə	1
pearşedə	1
beobrinə	1
dəşən	1
merdən	1
tarsedə	3
nez	9
zə	55
insoni	1
səydəşe	1
moledən	1
həştminə	1
ğəm	1
penıtatə	1
bəbolə	3
sekunt	1
pepuşiyon	1
əgıni	1
goən	1
binəvim	1
mənzıliro	1
itərəfə	1
barzı	1
ıştən	22
əhvol	2
hiçki	9
anə	17
ovəynə	1
bolışnə	4
hozı	8
idmon	1
bandi	3
bıvoti	1
mandedəbe	2
bo	77
zırəkə	4
stalini	2
hişki	1
iştənən	5
səbe	1
bəpime	2
ləzzət	1
dıminə	5
doydəni	8
bıvot	14
lodə	5
rostəvojəti	1
vadoə	1
cəfər	2
kardedə	173
po	5
hiçe	3
bırnişone	2
nidizdin	1
ğıvvəti	1
əvoyn	3
bıhıti	1
lıngə	2
əmon	1
çimi	6
ğısmət	1
mənoədə	1
budutən	1
hamsiyon	1
bişum	1
kefi	8
kujkagi	1
tam	2
pamədorə	1
şahbozi	1
pəsonən	3
pebedə	1
zomo	2
nəvon	6
şammədi	1
hadison	1
gıysə	1
danibəme	1
yağobi	1
dəşeyədə	1
kərə	21
ğənd	1
pegardəybən	1
nışoninə	1
gezı	4
siyə	1
gəvbəgəv	2
məclison	1
nuri	8
mınosibəti	2
abuzər	1
enəgıni	1
omedəbim	1
elektrik	1
sinifo	1
ziyodə	2
kəminə	12
pay	1
əmənən	1
kərtof	3
nunış	1
xəndəxədə	2
nahaşti	1
vazilə	2
pokəvonə	1
sadibəg	1
dərandon	1
odəmbe	3
nubədə	1
hozımon	1
vahabi	1
haştedəni	2
xolı	1
mebəku	1
bəbeş	2
bahandovin	1
nalbəki	1
sənıştedən	1
votəşonbe	1
təmizə	2
jurnalonədə	1
xosyəti	1
dıroz	6
məişəti	2
şəv	13
yolə	53
iyoy	2
şəhr	2
bıbırı	1
ğaban	4
koysən	1
əstənin	3
cure	1
obeno	1
peyəşomi	1
nubənə	1
məkon	1
məseədə	9
tarsobe	1
zandago	1
so	14
mırvətən	1
zərfətinə	2
xodi	1
yəznə	1
doyədə	2
iyoşon	1
məsələn	5
çiçi	3
jeniyən	3
danəndə	1
hənək	2
əvotin	2
nozokə	1
navınə	1
rəhmətşəon	2
xido	6
vığandedə	6
dəsuedə	1
rəbədəli	1
vişonədəbim	1
dənoə	4
dəvasteədə	1
nıkoş	1
dahaşte	1
sıxaniku	1
çiki	5
bakaş	1
camali	1
bıkəm	6
fəgət	2
doyro	1
devləti	1
konco	4
oxo	13
ovəyz	1
yədullan	1
məslohate	1
mıəllifonən	1
miəllimon	7
lıngış	1
jintono	4
vezono	1
dimış	4
nazil	2
kifayəte	1
mardim	1
kardedəbin	1
kırt	2
jenbozə	1
dakandedən	1
navsixan	1
tərəfonədə	1
nıvıştedə	4
doedə	4
ıclos	1
dılhor	1
zəmonə	1
kinə	3
vindəni	1
gırdə	9
nımoji	5
ımoni	2
oğrəşə	1
məholədə	1
bədoy	1
dəvardə	4
ğəni	5
mandənıbe	1
bibu	2
hakop	6
əzinim	1
səyd	23
maç	1
bandon	2
ogordıniyə	1
ədəbiyoti	2
yamən	1
abdullə	2
əğəverdi	2
sıyebən	1
bıvoto	2
dəlokobəvıjon	1
axməxişbən	1
çokiş	2
vocibə	2
tukəm	1
miller	1
mudur	1
zijadən	1
gulsabah	1
hurməti	2
sipiriş	3
epikə	1
bədon	1
çıvon	2
heyron	1
iyo	7
şiri	1
realə	1
diyəkə	1
tumo	1
əğəhuseyn	14
yarəye	1
rosne	1
bəban	1
rujən	2
məlon	11
ekıre	2
məşəm	1
oçen	5
rıki	11
dard	4
vang	32
ğələm	2
yaşmağı	1
fəti	1
nıjənom	1
ədə	1
gucili	1
pegətım	1
biəş	1
həmçinin	3
omeda	1
rəhm	1
şuyon	1
aerodrom	1
əvindiş	1
tələf	1
səlomətəti	1
jəydən	7
bədbəxtəti	1
xıdoğıvvət	1
həmə	12
ğazi	4
nıvotə	1
bənıvışte	1
pegətən	2
əvotişon	1
boklə	1
çəvom	1
fərosətine	1
dənoədə	1
naharde	1
boku	4
əslədən	1
petatı	1
miəllima	1
çımıne	2
remontədə	2
sebe	1
janro	1
nənəş	1
məbırı	1
əğətni	1
əve	14
sıxanı	2
kag	4
biyəm	2
bıştə	1
xıvandış	1
pekardedə	1
dutə	1
piyedəşone	1
vallah	4
çiçı	2
sirəynə	1
kinəbe	1
az	80
nıznəy	1
səyku	1
edyəse	1
meylış	1
şeydənıbe	1
semon	1
sıredəm	1
əğil	2
nıdızdın	1
peşomedəni	1
hovəli	1
giləy	2
əvonim	2
nədəyn	2
mebə	8
kardəkəsi	1
diləsi	1
kuçədə	4
əşim	1
xonçə	1
diye	3
poynə	7
veyəzınə	2
poeziyə	1
pateku	1
xəlilovonku	1
aa	1
prokuror	2
hardedə	6
məkən	4
şəvnışti	1
bıbəm	5
toykiyə	3
gam	1
nomojəvoj	1
dusti	16
ğıymət	3
ğəzənci	1
yoliş	2
iyon	3
votedəmxo	4
ustobe	1
oşnə	2
məzəynə	2
dərsədə	1
xəcolətış	1
piyedəşe	6
əvən	12
əmma	4
çiyedənin	1
ələsgəri	2
jıgoş	1
ehtiyoc	1
kəçəlbe	1
məjənən	1
devrədə	3
çiçbe	2
nəzəku	1
hamsiyədə	1
bimand	1
əştedə	13
ehaştəşonbe	1
ne	69
bıpat	2
mənəvişon	1
vişədə	3
nimçə	2
rujə	1
bomeyəni	1
oşko	3
iyəndı	2
pələngi	1
guşış	1
ğeyd	4
təəccubi	2
tike	2
mışohidə	2
maşallah	4
rujonku	2
jenəməşonbe	1
sıredə	10
hərəkət	4
merzə	3
nezədə	1
oji	1
rangi	4
boçış	1
vaxt	9
pişpişi	1
kamal	1
dərgəzəjənon	1
cigəmandonən	1
şol	2
nusrət	3
ikərədə	5
norohatbiş	1
dəşedən	1
ruj	85
bıənəbəym	1
vist	1
dastkoybən	1
abuəli	4
kıştə	5
lətifə	20
mıxtəlif	1
məvot	2
vəzifəo	1
davo	1
du	3
dızdon	6
bıəybən	1
məsələbe	1
dəfə	1
nıvğandı	1
peşt	1
şedəbe	1
çoli	1
nəgınişbən	1
kəsən	1
nımunon	2
çayəhi	2
novellən	1
baxşəli	3
bıçımi	1
duovi	2
mənzıl	2
guləli	16
bevəcebən	1
ənəvi	3
kaşteyro	1
vırəo	5
əğılə	1
avtobusi	2
rujnomon	2
edyəseydə	2
yoldaş	2
cəfərə	1
nəzəri	1
dızdiyəşone	1
zəvudədə	1
kıçədə	1
mavuji	1
girəm	8
lap	14
ujən	4
moledə	1
vardedəni	4
ogordıne	1
umru	1
telə	2
zuy	4
kandə	1
bıgınım	1
əxandin	1
beşən	1
cur	5
sohbət	25
çəjo	1
kədəkiyon	1
milisioner	1
sidığə	2
çəşe	1
melo	1
sırə	6
bəyən	1
sepadijon	1
asbardə	1
mənsım	1
bardeədə	1
kardedən	38
handovniye	1
səfərəli	5
nışdə	1
bekəlom	1
səydəbin	1
giğlə	1
hestıme	3
esənə	1
yanvari	2
məşən	1
bolo	1
şubhəynə	1
fermədə	3
bəkışten	1
təbii	1
zəhəri	1
sohbəte	1
boçi	3
bıkəş	5
bolədi	3
nıngış	3
ğandedə	4
ivırə	2
lohə	3
axmağ	1
kam	9
penibəgətemon	1
məsır	2
həftoği	1
virə	1
ğabaniş	1
xırp	1
kande	1
kəlxoziku	1
baxşimon	1
bıbo	1
bomi	1
fıskə	1
obəpote	1
xısusən	2
səşone	2
yavə	4
pegordoniyəşonbe	1
nomo	1
bandonədə	1
ayb	5
nizam	1
bəgıne	2
hanı	2
təbliğ	1
muyən	1
noxuto	1
jigoy	1
nəhmətiyən	1
şə	10
nıngiş	1
xəto	1
bınıvışt	1
şedənin	1
vəm	1
isorə	1
zindono	1
mamunbən	1
mirəkbərə	2
bınovonbe	1
həmro	12
ədənin	1
əvəyn	1
gırd	2
ruziəli	2
davardı	2
əmə	16
dastojbe	1
zınedə	7
bedəni	18
egıniye	1
kırnişone	1
bətovnem	1
ərəğ	6
cəmiyət	1
həsuyə	1
ağlım	2
əvon	11
hori	1
bız	3
mamjen	2
əhotə	3
nagisə	1
zidd	1
hestbe	8
sonəvo	1
surfəo	1
mırvori	1
ezemi	1
cəmata	3
xoroşo	2
havatedə	1
şışə	1
sognədə	1
sırvonedə	1
haydi	5
yumorə	1
uzr	2
bıglə	1
şedəybən	3
gujdi	2
bəpeşto	1
penco	6
rəyon	2
toşi	1
diyəkəm	1
dıglədə	1
nıştə	3
katib	7
sədoş	2
tijkum	2
pevatedə	2
bəə	1
navədə	1
sumasşedşiy	1
buturum	1
hardışe	5
pulım	1
varine	1
aldadıb	1
erjonə	1
vəzyətədə	1
bıdəyş	1
piyanıskə	2
doydəş	2
dıminəni	1
bışi	12
kolxozədə	1
çəxo	1
iltimas	1
bıəbəyn	1
səçın	1
bəmedəm	1
kəmbır	1
klub	1
nıfin	1
ğoti	2
ğoləm	1
parzedə	1
tıni	6
bəka	2
sədrətiyədə	1
nımandə	1
sıxani	33
hesob	2
çəvon	21
əsnadə	1
fıloni	1
ğabi	2
həmməyə	1
idorə	1
yağobən	1
veybe	2
kəxıvandə	1
əzyət	1
rosniyəkəs	1
rəhmətulla	7
mıncır	1
gandım	2
diyon	2
ğəbisə	1
məgər	4
zali	1
ləzzəti	1
mamuyən	2
rujon	6
təylədast	1
əxxo	1
çiçi	1
vəşyənə	1
şımşi	1
əkbər	4
nəfo	3
ğaliku	1
gəvi	4
mələlla	1
oxoyeədə	1
sırəy	4
ziyon	1
lenini	6
bəvonədə	2
bənon	3
pəspəsə	1
çağırış	1
şoxəso	2
maral	1
avtobuso	2
pemandedə	2
mamuzoə	1
rosniyə	1
bıvotım	6
tınım	1
bigət	2
danışma	1
əlihuseyn	1
əks	2
kəxıvandimon	1
nomoji	2
hıs	1
nıngən	1
məhol	3
bışən	6
hestin	1
bəhəni	1
xok	7
əhsən	3
evatedəm	1
şirvanən	1
dərıjiyedə	1
bızınım	1
edyəsəym	1
nomon	1
cıri	1
şeydənbən	1
çılminə	1
ogardedə	15
səydobədə	1
poçto	1
ejənim	1
zumande	1
temıri	1
doəmone	2
sahil	1
ogardeədə	2
noxəşəti	1
xəyonət	2
kışteku	1
nəzər	2
patəme	2
beşe	9
briğadır	1
ərəbə	1
gıno	4
ticorəti	1
mohtərəm	1
genədəy	1
xıyon	1
benəve	1
doydən	14
kuli	2
kəxıvanda	2
çımınən	1
jiyo	2
jələvonon	1
nıgətışe	1
iglən	1
çəş	28
vohidi	2
vərzışi	1
tov	8
zurtə	1
mardəbu	1
idorə	4
vəyəxıvandon	1
ğabul	1
mığobilədə	1
meyl	1
vay	13
çəvonkuyən	1
doəşonbe	2
məmmədov	1
pılobəhə	1
çuyə	1
ağıli	1
sohbəti	11
ğədri	1
tij	3
zəvodo	1
piyəmerdə	5
hampobozəti	1
xıyzoni	7
boyəni	1
xirtə	1
dardı	3
tumpevaton	1
ağıl	1
girov	1
tojniyə	1
maaşi	2
zum	1
yarəy	1
iskani	2
leysonobəvıjon	3
sabir	8
əşiş	1
pəpruz	1
kəminə	1
murç	1
vasvasiyə	1
xivand	1
nişe	4
hıte	2
bedəm	1
bas	1
lek	2
noəşone	1
nəən	2
hə	9
benəvoə	1
perəxım	1
nəzə	1
gonə	3
xoki	1
vindışe	2
kulətoni	2
aerodromi	1
mixtəlif	1
kardero	2
əmandi	1
siyodiməti	1
əzıniş	1
angıştə	3
fıs	2
barədə	3
ğədimə	1
devri	2
bome	4
sinış	1
nimkışt	1
gəzeti	2
pegınedəbe	1
bəmı	28
çımiyən	1
sənəte	1
nimə	4
rəykomi	1
vəyşt	1
ıştənədə	1
şəvnışto	1
əştedən	1
olətəbırın	1
kardəşone	1
dəvoştedən	1
tuğyoni	1
votəşbe	2
nalogi	1
aş	4
roste	3
bəştən	1
bıvə	7
məno	5
şım	1
çan	3
abuəli	1
vəynə	1
okırniye	2
kok	1
ğıvvət	1
bənə	27
xəlvət	2
ıştobən	1
aləmədə	5
gardedə	1
cəhənnımo	1
vaxti	7
dənə	2
beydəni	2
sərost	2
bəzıneş	2
məcolədə	1
nimoj	1
noydənin	1
gətedəni	2
sıxanisə	1
gəvbin	1
darşeədə	1
ğıboni	2
mətnonədə	1
gurrə	1
nıgətışon	1
dabastə	1
bınəm	2
əncəx	41
cıvoni	1
hardəmbe	1
bızuy	1
piyozə	2
dumotono	3
ləkıtı	1
vardəşe	1
bımandən	2
xıvand	2
kutinə	1
beşero	1
bais	1
saleh	2
havatedəbe	1
vıjorədə	3
sipi	2
ıştəsə	1
əvoti	18
şımənən	2
zır	2
məhəllə	13
tıbəso	2
ğıyasə	1
tolış	2
egıniyəbe	1
kəfşənədəy	1
məşi	1
darzən	1
tuməo	1
univermağ	1
tikəy	38
firni	1
noxəşebu	1
kəli	1
tələbkore	1
bəbırne	1
nəsri	3
mardin	2
jəydəbe	4
dastədəbiş	1
mıtbəxədə	1
jurnal	2
taxıl	1
kələg	1
pıs	1
arə	7
donzədə	1
meylin	1
həyvonon	8
rosti	1
bəçəy	38
ğoym	1
paren	1
niyəm	1
ğıvvətən	1
siğədə	1
mədə	2
bevandi	1
səş	1
təhəri	3
guləli	1
ruşnəku	1
vırədə	15
jimonış	1
hırdı	1
hano	1
sıbədəliku	1
jəone	1
rəbədə	1
dustiku	1
çınığiş	1
ğıyz	3
bılıvoş	1
pokə	1
bıkəmon	11
fərğ	2
səbrış	1
nınə	1
mərəkon	1
saati	1
ğabıston	1
ga	3
ğıyomət	1
narde	1
heste	20
mandedə	24
lmeyəni	1
reçin	1
kardəşbe	4
nıjiyı	2
həsr	1
bəstem	3
gilə	2
gordınedəybən	1
roədə	5
nəvedən	2
rome	2
nıvardə	1
nkvd	2
sutim	1
ənəhoy	3
məmmədəli	24
kıtə	6
ruhaniyə	1
bəy	69
oəgətin	1
asfalt	1
sutesə	1
fərmon	3
çiçonımon	1
darzon	2
omeyədən	1
mızəffəri	5
dandonon	1
vadoydənin	1
partiyəku	1
mirğobədi	2
omedəm	2
tualet	5
dənoydə	6
əğrəbış	1
əvoy	2
gıləyni	26
eğvol	1
dıyo	2
dilədə	1
evo	1
vaxtiş	1
ick	1
son	2
isa	4
soveti	6
kəbineti	1
holi	1
loşisə	1
penıştənbən	1
bırnedən	2
x	1
ağlış	2
rəsəy	3
miğdorədə	1
bədənış	1
dəm	1
rekord	1
mələ	3
rujım	1
otaspeədə	1
dəvoşteydən	1
ovaşte	1
məktəb	5
jeznə	1
dəro	12
şedəme	3
cəmatiku	1
axməxi	1
çəməku	2
xəndəx	2
xorək	6
çoko	1
nıbu	8
ogətışe	2
bıçovnım	1
əzobi	1
nəsyət	3
əgər	2
gordınədə	1
bovıtiş	1
baxtəvəriş	1
iskani	1
kami	1
sumğayit	1
boəmə	1
patemon	1
vığandəşe	1
dərgo	1
əkəşi	1
ğəhrəmon	1
zandəşe	1
tarifon	1
vaj	2
bardəkəson	1
bıboşone	1
bırniye	2
rubrikə	1
bısutı	1
çəsboni	2
navkonəni	1
bekardedən	3
vəkil	5
doon	3
siyosiyə	1
vəsyət	1
nıdoeşe	1
namədiməti	1
seyfəli	3
xorə	1
zambuli	1
lıv	1
əpatin	1
civonətiyədə	1
peysə	2
hukmət	4
gının	1
ğıbonə	5
hır	4
çəpə	4
kujkagi	1
nığılıyon	1
əşte	2
maştənəku	1
darzəni	1
zahirədə	1
nımojəvonon	1
oğo	1
məyjuyə	1
cəmaat	1
miəllimən	5
vahab	18
çıyo	8
nəvedəm	1
damedə	1
mavzoley	1
bardəşone	2
tonoku	2
navi	1
ziyadən	3
gırdəbıkon	1
ğəribə	2
voa	1
tolışon	3
mardə	11
maşin	10
epuştə	1
dınyoədə	1
eğandəşone	1
miəllimi	1
səvodinə	1
ehtiromi	1
şodoə	4
maşkinəku	1
jaxud	1
darz	2
dəbast	1
səbəbo	1
bəminən	2
soo	2
bəşmə	12
yob	1
vətən	1
yəğobə	2
sahili	1
iştən	6
reçine	1
eposə	3
ənəyn	3
kıve	3
oğat	1
pidəşoneyəni	1
patəbu	1
təmizi	2
nıvində	2
rusiyədə	1
bısır	2
kəşə	2
əğılonku	1
mexi	2
bınıştən	2
şangovəsəy	2
bəlo	3
dəsuyedə	1
çokə	17
ğotiyədə	1
şəhri	2
ru	6
çey	2
nomijə	1
ləzət	2
doəbe	1
piyedəbe	1
mədoji	2
mərcədə	1
rozim	1
tijkum	2
handedə	3
nıkə	2
ğarzi	1
suleymon	1
əğəli	2
nıştən	2
beavlode	1
hampo	1
dıynən	7
oməm	1
səşbe	1
sıxanımon	1
niç	1
səyadən	1
zalədə	2
vadoy	1
təsvir	2
nəriman	1
negodyay	1
sənğoli	7
şəkər	3
xəyli	31
evoydə	5
egıniyəş	1
mıhəccəri	1
votedəbən	1
icloson	2
rəykom	4
həşto	1
iştəni	2
dıynənədə	1
nıştəm	1
pekəşe	2
evəşəym	1
noxəşi	4
gıne	1
dustimon	1
beçəməybən	1
iməmverdi	1
dimbədim	1
bıəbəym	1
baxş	2
kəbobi	1
gujdiyən	1
vəyəreç	1
nıbim	1
kəblə	12
piyaniskə	1
yaən	3
bəhrə	1
aşiş	6
iyo	28
diyəroə	1
pegınin	1
poladi	1
səydi	7
mardəniş	1
moxanım	1
imru	2
bəhvatı	1
boboən	1
lənkəran	1
həy	5
gıləyədə	1
govoni	1
mahneyə	1
fikron	1
bənəvem	1
izohkarde	1
məmədone	1
rəvo	1
camati	1
əsgərə	1
saytonədə	2
həmoyə	1
gəzet	3
babayev	1
foydəş	3
dəvoybən	1
nozi	1
besəlom	1
bovot	3
pegətedəm	1
əsos	1
bardedəş	1
ogəte	6
kəon	1
gələvonon	1
ov	8
brigadir	3
nənəma	1
cang	1
konkretə	1
nusrətə	6
ımən	3
niyo	4
giləkənəfo	1
əğılış	2
oxur	1
zavodi	1
govonəti	2
ğəb	4
bekən	3
veye	4
mandəkəs	1
kokbiş	1
ımisə	1
huseyn	2
tıniş	1
əvəz	6
vicdonım	1
surfədə	1
dıbədı	1
mirəkbəri	4
ti	8
bardem	1
mənoti	2
bovıtəmon	1
kulturnıy	1
inəfəsə	1
ləftor	1
lıng	2
norozibe	1
kive	1
teğon	2
sırəku	1
davardedə	10
hakopi	4
pulim	1
beşu	2
leninə	1
mandedənim	1
menya	1
jenə	4
ruşnədə	1
langedə	1
bilə	4
balən	1
bedəşni	1
kənyək	2
ğıramən	1
doydəybən	3
ğat	1
isabala	1
ğaz	4
ruyən	3
mərə	1
vıjor	5
şim	1
kobe	1
pat	2
çəkəy	1
vəlləzinə	1
i	90
bıvindı	1
dəvoştışe	1
bıjənım	3
fabrik	1
zoon	3
şikiliyən	1
ikərədə	11
oçınən	1
dərəsedə	1
votəy	7
ğır	1
koğəz	1
amon	2
nəvedə	7
səpuredə	1
biy	1
kobinet	1
əğəverdi	1
təsdığ	2
aston	2
beşedə	41
bərobəri	1
epuşniye	1
tarsiku	2
gəpi	3
folklor	1
oməyn	1
bıdızd	1
bijən	2
saxtış	1
sığən	1
rukə	1
gəppər	1
təəccub	2
şartuki	2
anədə	5
peştisə	1
gətedəybən	1
sırron	1
şək	1
edyəsedən	1
bedən	26
fikiş	1
nəhmətə	3
siyo	5
şəkəson	2
xalığ	2
kardeyədə	1
eduş	1
əjəni	4
tələbə	1
təkəyəni	1
çovnedəybən	1
xane	1
zınedənin	2
dəllok	2
siğə	3
edaştedə	1
əmrəstən	1
ğənimin	1
əçiybən	1
nəxoş	2
pegətı	2
həyvonə	1
sıə	4
şəkəş	1
diyonədən	1
amuyəzo	1
mənoədəy	1
lozim	1
milleri	1
mahne	1
xərob	1
bıbuş	1
hıvosrəbe	1
kitobi	3
tərbiyə	1
hədəf	1
sostavi	1
həmroə	1
domjon	2
burda	1
nıbeyətiku	1
rangrisinə	1
oğol	5
yumor	1
partkom	2
tını	5
maştənə	2
həşigardışi	2
mənsımi	1
plan	1
mənsimi	1
tarifi	1
inspektoron	1
kopugən	1
direktor	5
bətı	15
xayş	3
sərəsedəni	1
istedodi	1
etibo	1
mardən	1
həşi	10
tənhoəti	1
purbe	1
bibizoəm	1
jiyədə	1
çandibəçandon	5
diyəroo	2
idi	1
hırdəniku	1
gəvonədə	2
bağır	2
mir	4
bobo	7
vosedə	1
mardəkəs	1
kardedəniş	1
kəşedəniş	1
okardedən	1
vəşnedəbiş	1
cırən	3
astə	6
gozəliyən	2
pekuyəme	1
rəsə	1
çəmə	47
pojə	3
peşomedənbu	1
cigəmandə	1
ğəyni	1
daynəti	2
zınedəniş	3
bəbe	26
nəvoti	1
ssri	1
əçəyən	1
şedəni	1
dərc	2
ərəxniş	1
asbardedə	4
ğavər	1
məslohatışon	2
rosniye	1
bevəc	1
dast	36
kardəmnıbe	1
roysə	5
tiyə	2
omeydəş	1
şedəşon	1
zınedon	1
voyenkom	1
ziyadi	11
rıkno	4
gıleyni	1
vizo	1
camaliku	1
elektrikə	1
uslub	1
kulokə	1
behesob	1
nəxoşəti	1
dənoydəm	1
dənıştedə	1
evatəşe	1
kardənəbəy	1
məhmədi	2
esə	30
sıvi	2
ıme	1
doxtur	1
bovotı	1
nəfəsi	2
tınışon	1
soxə	1
dəxlış	1
edoə	1
koy	15
cəvobi	7
norohat	4
şamməd	3
kinəku	1
poçə	3
usto	19
çiyo	1
bıstənom	1
tərəfbe	1
vangkardedə	1
sıvıke	1
çımon	1
kafi	1
bibum	1
pebənışte	1
miyonədə	5
egınedəxo	1
jinton	1
mığoni	2
erməniku	1
əğəzodə	1
gılmonədə	1
nıstənı	1
votedə	238
çətini	1
pojon	1
dəvaştedə	1
nıstəni	1
dənibərəsen	1
hərom	1
bəzıne	1
çayəvon	4
bımandım	1
sırdo	1
zındənıbe	2
duy	1
professori	1
mərsiyə	1
zinətin	1
oməy	7
bınədə	2
şu	1
kisəo	1
əvoni	6
kəbob	4
gıniyə	3
əməl	3
pu	1
nəvotiybən	1
mirğobədə	4
ya	24
benton	2
əyo	17
iglə	15
pəydokə	3
eştin	1
hətta	2
mərdonə	1
seminə	3
asbardedəş	1
zırəkəti	1
vəc	1
ba	1
imtohonədə	2
çandə	1
nimandə	1
məzə	4
şiəllə	1
hətto	3
ələsgərə	2
doydənbən	1
davardəbe	3
çımi	3
avtobus	2
dənəyn	1
xəlilə	1
i	71
kərbəloədə	1
mortəzə	8
gardedəbe	1
şodoy	3
ağılmande	1
zımıston	1
bihit	1
bahadir	1
davekorə	1
xəlilovi	1
kuləton	1
horə	1
jiyedəbe	1
satiron	1
boşmə	4
bomemon	2
ogatedə	1
nırəse	1
əvəy	1
doedəni	2
şəronədə	1
jıgoən	1
bıjəni	1
benibəşe	2
riyə	1
mini	2
bərosnemon	1
isi	5
jimoni	3
kitobonədə	2
sıstbe	1
off	1
tovi	2
ocəğ	1
ninəkıleyə	1
ostorojə	1
nırəsə	3
əhmədi	12
tərsəti	1
əzyəti	1
jığoy	1
koroğlisə	1
ekuedə	1
aradə	1
hikoyəən	1
damon	2
kəno	6
çəsəy	1
dastonış	1
şini	1
nızıne	1
zənni	3
bekəm	1
kulətonədə	1
ğəzo	4
net	1
bərni	2
kılo	4
çəşı	1
çiyedəni	1
ziyadi	1
tosnedən	1
narıştışe	1
pelxartedə	1
huyəy	1
bıəşni	1
kotibi	2
bırədigo	4
cəbrayilə	1
əleykum	5
mıbohisə	1
asfalti	2
oxonə	5
oğate	1
zulalizoə	1
ğibonə	1
məhkəmə	8
karde	52
voydə	2
azim	1
kəşəy	1
bımand	3
bəştı	20
roduşi	1
vəzyət	3
barzıbılındə	1
ən	13
imomverdi	1
doydə	46
tini	1
şıştəşbe	1
əğılı	1
həroson	1
soxtəme	1
pamədori	1
surfə	14
jığo	4
mısodirə	1
sərbozətiku	1
pepırtiyə	1
kuyə	11
şangonə	4
gınokor	2
barde	6
ro	29
jeni	1
hıtedən	1
pəymon	1
nığıle	1
nomi	1
nezbe	1
kəllə	3
penışomı	1
litr	1
balon	1
halə	1
dılvandi	1
şeydə	4
əsəd	3
dəşəkəs	1
diynən	1
nıngım	2
bəçəton	22
yumori	1
jiyədənə	2
miəllimona	1
məclis	4
peyarşiyədə	1
səvxozəti	1
ğodmonədə	1
kije	1
tolışstoni	1
kardənişon	1
omedəş	1
bəfomande	1
hesobi	1
səmone	1
çiçon	4
ğol	2
ziyodi	2
morə	3
bıvğand	2
məhəl	1
dahaştedə	2
çovniye	1
oğatedə	1
səybən	1
xani	6
əv	52
zərfətəkə	2
katibi	2
nəzıni	5
hışkədəvıj	1
əştedəm	2
cəmati	13
lenin	2
yəğobi	1
əxxoj	1
mandedəni	3
aaa	1
dukon	2
rohət	1
mıvə	1
şango	2
esətən	3
sipirişı	3
kardışone	5
məclisi	7
tojə	14
sorisə	1
xəşəti	1
puri	2
bəkarde	1
şovği	1
hardedəbe	1
soədə	6
fiki	2
lukuku	1
poli	2
kilon	1
buccə	1
çap	12
evatə	1
həbibullah	1
giy	2
rəsedə	7
vəse	4
yunis	6
ğeyli	1
kuydə	1
konduktor	3
nalog	4
həl	1
tiflıs	1
kəbləmon	2
tocir	1
larzedəş	1
armaturiku	1
lıbutədə	1
ğodtət	1
jəşe	3
bardedəbe	1
peşom	2
merdon	11
mərtəbəynə	1
yədulla	8
suteədə	1
davarde	1
ıştı	38
viz	1
əbəyn	1
bəhəəni	1
biçovnım	1
ğızlovoədə	2
bahandı	1
moyən	1
zəmonədə	1
tarse	2
hamomədə	1
rəsəmon	1
əyən	5
şirvan	2
osmon	2
zandeku	1
ənəxəbədə	2
mailə	2
sıpəzoə	1
vəyədə	4
səydim	1
kırç	2
boştı	1
kəybəku	2
siyosətiku	1
girdiliv	1
koye	5
petate	1
təmşo	10
azad	1
nıngi	11
əpi	1
xıvandonkuyən	1
umrış	1
çəğənde	1
rico	1
gətıme	1
mıhokimə	1
cərulla	5
egınedəbe	1
pegətedəybən	1
vərzışə	1
moskviçə	1
sıvoy	1
viloyətədə	1
iberdəmə	3
ğəmımon	1
məholi	1
bahand	1
bıriyedən	1
pegətedənıbe	1
hıcubətədə	1
demı	1
ətri	1
kardəni	1
obırnedə	5
gulimi	2
da	3
ciringo	1
biyəm	1
var	1
ərizə	2
beəkəy	1
bəbemon	1
şoyd	1
devriku	1
hamsiyəş	1
ittifoğ	1
gurə	1
aybış	2
leninçi	1
bəvon	6
maşkinə	1
çumçıko	3
nıbə	2
məmədon	1
cəlil	1
merdbe	4
bəhlul	1
nıvışte	1
əsəron	1
biyəy	1
bistən	1
kəlonən	1
erutım	1
mıni	14
fəhlə	1
puliyən	1
çiçe	16
boon	2
bojen	1
bəmardem	1
budə	1
ruy	2
xani	1
dərandedən	1
patəşe	2
haydı	1
nırəsəyş	1
piyəmerdətiyədə	1
bəyji	1
yolyəti	1
əğəhuseyni	2
xərəboği	1
ğoymə	3
hestışe	4
xunədəy	1
axund	4
dastədəş	1
çavom	2
bəhəmon	1
ruku	3
goy	7
sohbəton	2
kumədə	2
bıdırın	4
dığət	1
miəllimiku	1
omedəbe	1
hıtedə	4
mətbuotonədə	1
rəhbər	1
piyəşe	2
doydəm	2
lozim	7
əcəllən	1
nışdəbe	1
xanəndə	1
zıvonşınos	1
bıdo	1
istifodə	1
arışte	1
iyom	2
omedən	6
məxsus	1
arıştedə	2
erut	1
tındi	1
pegətedən	2
səbr	6
bardeş	1
fılonkəsi	1
əbişe	1
ğərəyz	1
bikə	1
kəliyən	1
əğılən	1
cəhənnımışon	1
elədi	1
lətifonodə	1
ozo	2
pıə	44
cırış	1
ciring	2
taxıli	1
mudir	3
gıneku	1
məsəlon	2
dəvoştedə	1
sə	60
bərobər	1
mahmudə	2
dastış	2
bıməsı	1
sənəti	1
sinədə	3
peçınedən	1
məholə	1
zınedənıbiş	1
b	2
kəxəlizi	1
nıdoşe	1
ovəynədə	1
gətəşe	1
nıvotıme	1
həni	3
lozimebu	1
pevate	3
zoəku	3
jəgoən	3
bənışten	1
mamuku	1
zərfətiku	2
kosibə	1
mardon	3
boən	5
patəmone	1
əhd	1
ğıbilə	3
məktəbi	4
sipiyə	3
çiy	7
peşomedəbe	1
əştedəniş	1
bəyəndıən	1
şedəş	6
pevolo	2
dukondorə	1
egıneədə	2
mel	2
zınə	2
rədioədə	1
kef	1
toykiyədə	1
kardeşone	1
fırsınedə	1
gətəkəson	1
səlomət	2
olxartedə	1
tumbə	1
həftədə	1
əhvoloti	5
xırtə	3
sutə	2
a	5
jinə	1
bənəveş	1
piyedone	2
papruzə	2
nıng	8
şartukə	1
məçitədə	1
tolışədə	1
olətı	1
kulə	1
dəşəy	1
mərəx	1
pure	1
ğəziyə	2
rəsəkəs	1
milisi	1
bəvəc	1
ğədəmə	1
hıcum	1
dome	2
kıvole	1
bidirin	1
xoş	7
dorozi	1
eməkə	1
doydəmon	2
cəhənnım	2
nohəxədə	2
kəlimon	1
mərsiyon	1
sədəy	1
vəşiş	1
pelxartedən	1
diyovıjə	1
şəriku	1
pegət	5
vidio	1
ak	1
oxoye	1
suləymoni	3
məsxərə	1
əməli	1
ogətedə	2
aləmi	2
vadə	2
damb	1
jəydəm	2
doroz	1
kardeyro	3
rəhmatşə	1
dılədəbe	1
gəvəcəngon	1
xəşi	1
temır	1
dımjon	5
çuşçıko	1
həvatə	2
cıvon	2
raykomi	2
bini	1
niyə	7
maşino	1
xılxi	1
dəlokobədə	1
vəyu	16
vədə	14
bıkoən	1
şuturımı	1
bıstənən	1
zindon	1
besone	1
əlişan	2
marde	10
çovnedən	1
əliğəmə	1
məsəmone	2
kardedəşon	1
çəxırə	1
nəzəri	1
bəzınen	1
mijə	1
peğandedə	4
rujbəruj	3
bınıştı	2
deştə	48
həşigardiş	1
şartuk	2
mərhəmət	2
holış	1
bıkəəni	1
zınedəş	4
ekəm	2
deyəndı	3
ğızılı	1
mirəhməde	1
vindemon	1
doəkəs	1
bıvğandin	1
ımru	1
dəvoştə	1
vonə	2
bəməseyn	1
ımi	10
haydi	2
sərf	1
yole	4
vindedən	3
nemıki	1
xodi	1
purə	1
mahmud	1
voteədə	3
bəvoteyəni	1
kiye	4
fındıx	1
nəbi	4
sıxanvərzəti	1
əməlonku	1
jəydəni	2
gırdo	2
hiyədə	1
piyə	3
cəbi	1
miəllimi	27
xalıği	2
dəvarde	4
imomverdi	11
ımiyən	1
hardəşe	2
əhmədən	1
ımşango	1
dılə	12
duşedə	1
bıvindom	1
get	2
kə	65
ziyodən	1
proç	1
peşi	2
yolon	2
pəs	2
ğeyf	1
seyr	1
onəgardiş	1
səbəbi	1
sıxankarde	1
zəhməti	1
çiyedəş	1
vızış	1
obıştə	3
fik	21
lulə	4
bobon	1
bu	2
penışt	1
həon	1
obgon	1
odəmiş	1
bımard	1
ziyod	2
donzəy	1
sərboz	1
sipiyəsəon	1
kışte	2
musiği	1
mığəddəse	1
tənğıd	1
larzə	2
husi	4
ii	1
hisson	1
sipirişi	1
arşiyəy	1
vizən	1
şali	5
dərgəz	4
bokləo	1
toşi	1
kisə	3
vırədəy	2
key	2
tat	1
rəbi	2
oməni	1
dəftərədə	2
rıkini	1
darzi	3
ning	3
oj	3
pıyəjenən	1
kərən	6
muxtari	2
dumontono	1
bəçəvon	6
moyə	5
çəşiku	1
dəəvoni	1
şəhrədə	2
oğoli	4
obəgardeş	1
ğanunon	2
xıyo	6
bidə	5
dədə	17
dimiyən	1
şəve	1
duov	3
aşuli	1
hetışonbe	1
sənətebu	1
bino	21
dustinbən	1
poonən	1
xəməncon	1
papa	1
şeədə	9
səni	2
diyono	1
baləku	1
devlət	1
vinde	7
lapətkə	2
oşno	1
egınedə	14
xəş	2
oldozi	1
kardedəş	9
deyirsən	1
bidutən	1
eginıə	1
əyşte	1
cədd	3
vəyşto	1
çəp	5
bəkovrə	1
kəsiku	1
nahardeye	2
çımıkuyəni	1
oxoyədə	17
valideynon	1
pıloədo	1
gucili	1
əhvololı	1
dəvət	5
bızon	1
boylıma	1
bəro	3
kulətonıjonha	1
diyovıjonədə	1
mənotə	2
zınedəm	4
bınışt	2
ifodə	1
dəgiş	2
kardedənişon	2
hiçi	19
polo	1
bitono	1
xoto	4
kardedəybən	7
xəcil	1
vaxtbe	2
nəzmə	1
həvoədə	1
paho	1
sesə	1
dəbastəme	1
dasthori	2
sard	2
çordə	1
məhməd	5
peşe	1
aspi	1
bidən	1
təloniye	1
pegəteədə	1
voyenkomatədə	1
dərokə	1
omədə	1
gəvçərəz	1
bardedəm	1
parseydə	1
cohil	1
tələb	3
bıxi	5
fərəciş	1
tarıx	1
pəson	3
ruyəni	3
bıəbin	2
noinsofi	1
kədəy	2
axundov	1
ğınə	1
dəvo	5
çəğəteğon	1
demiyən	2
çiyi	1
dəvlət	1
ocəğeyəni	1
beari	1
bukə	4
kinon	2
okorniyəşbe	1
asfaltisə	1
nobələd	1
yarə	4
nıdoone	1
çangbəyəxə	1
cırə	2
ğıryətmandə	1
nijiyi	1
adət	2
vaxtonədə	10
zikməvulə	1
xan	16
maştone	2
ğədəm	2
şəş	1
beşedən	3
pekəm	2
sıxanvərze	1
gəpbe	2
ləzzətış	1
gıy	2
vindəyon	1
məğbulə	1
eyəğandi	1
nəvoyşəni	1
pəvəndi	6
kıştedəş	1
dərbədər	1
kardeədə	11
bıriğədon	1
bıbum	2
zərbə	1
çay	6
ğıymətiku	1
novneydə	1
bəkəşe	1
kiştə	1
tap	1
penton	2
əhvolol	1
çınığə	4
peşo	7
sadıxi	2
bekardedə	9
janre	3
maftuliku	1
əziməliya	1
bəşt	4
şejx	1
əfhaya	2
beşənən	1
bəyjiyə	1
leninən	1
peşoməynə	1
cıvonbe	1
hardanə	1
ədəbiyotədə	1
gorənə	1
əğıliku	2
hiyon	1
cındo	1
nıznəym	1
mangədə	1
noəmbe	1
bıəbəy	4
tarıxi	1
əşt	1
məkononku	1
piə	5
çı	59
hurmət	2
hestebən	1
visti	1
tərəfo	8
zındəş	1
çəj	1
piti	2
vır	1
bibi	1
həşiyən	1
toykiarşeədə	1
bənomon	2
okardəbe	1
birəsən	1
nıkarde	1
diyə	34
həğiğətən	4
boyli	5
anekdot	2
zınəyon	1
pelarzedən	1
dıləsi	1
hartərəfə	1
tiflis	1
bardedən	5
təminə	1
olaxti	1
inşallah	2
nəvedəş	2
oşəvi	1
sariyəli	1
arıştedənin	1
idarə	1
oməş	3
vişə	4
ancedə	2
ğappəğap	1
tərəfi	6
kıştedəm	1
azımbən	1
emardedə	1
gin	1
vindedəm	4
məsəcəğın	1
tənbe	1
ıştənən	6
olxortıniyəşbe	1
huşi	1
ağlı	1
dıjdə	2
hukman	2
səhvım	2
xorəkon	7
hestışbe	9
şodoşe	2
roy	19
mərsiyə	4
mudiri	1
dəgesi	1
pegınedə	1
jəgobu	1
kame	6
hırsış	1
əloməton	1
konə	1
həvo	4
təziyə	1
votəynə	1
zang	1
kəynə	11
vardəşnıbe	1
parçin	4
partkomi	1
ço	8
vardedən	5
professor	2
romedəbe	1
heybulla	5
nuşo	1
işdən	1
xosiyətiku	1
zıvoni	4
vami	1
ziyorət	4
mandin	1
dastkə	1
nınəvı	1
kəlomon	1
zəhmətkəşə	1
bixi	1
gujdə	1
zərfətvonəti	1
samməd	1
jeniku	3
bir	1
ğabilyətədə	1
mətəl	5
hərbə	1
ləğəb	2
zoəmon	2
çije	1
fəri	2
əğılxıvand	1
bırniyəbu	1
riyaziyat	1
aləkbəri	1
omedəbım	1
doəkəson	1
bışışti	1
məgbərə	1
hardonə	1
mırvət	1
bıjən	9
daxile	1
telı	1
ekudə	1
səloməti	1
kiye	1
şikili	1
rədd	1
uyən	1
sipə	3
purşəy	1
rentgen	1
sıxan	30
təği	1
şəkə	1
sıraf	1
gətedə	27
piyəjeni	2
tərsinə	1
doktori	1
zardə	1
bəbeyəni	2
poladi	3
əğəddin	1
bıəbe	9
xəmən	1
curə	1
məkə	12
isə	3
məvotən	2
əy	46
əkəj	1
ciringi	1
piyəmerdi	1
kitobədə	5
vəyəçodoo	1
fəhlon	1
nəcibə	1
moskviç	1
nıvıştedəş	1
vərdış	1
coylinə	4
mırvoriku	1
çımıku	5
kıştəşe	3
neynirsən	1
xəyəmandə	1
zəhmətkəşbe	1
cəmədoni	2
okardedə	7
tələ	1
bəçəmə	9
şəvbe	1
çəxu	2
vugar	1
sədre	1
gınedəni	3
ğızlovo	5
təbiətən	1
pəltəkə	2
coninə	1
edyəseyn	1
zınəj	1
pulon	4
vıləçambə	1
vaxtədə	6
tobəm	1
bıgətən	1
kılon	4
veyin	1
şikhaşiki	1
dəvonım	1
ənıvışton	2
oşandedən	1
hi	13
məşhəd	2
gordınişe	1
bunən	1
nıkəşı	1
əholi	1
dılisıxt	1
dərhol	1
havataniye	1
hiye	1
gij	1
gardedən	1
eləsinə	1
səydon	3
sinifi	1
nəlarzi	1
gılən	1
hıl	6
yu	2
kardedənbən	3
gonebən	1
ğıləy	1
pegətedəbe	1
omə	12
sepadijonən	1
koğəzi	3
nezə	5
girış	1
əyoy	2
vəşişeybən	1
həyvoni	5
əziməli	33
peşomım	1
mizon	1
peroxnedə	1
doktor	2
eəgıni	2
bənem	3
iştobən	2
təyin	3
lankoni	2
jələvoni	1
votəyon	1
koroğli	1
murtuzi	3
puli	1
pegətışe	2
hiç	1
harçi	5
mot	2
əbin	4
faiz	5
bono	1
tolişston	1
paşməynə	1
yunisi	4
turmə	1
votışe	23
ləzəti	1
kulisə	1
bıkəşı	1
kukə	5
deştı	1
kəzəl	2
bərkədə	9
variantonışon	1
nav	8
hiç	33
zeynəbi	2
beşedəbe	1
ogardəmon	1
bıkən	6
dəparzıniyəşni	1
səyde	3
ğusl	1
ıştənbəsə	1
zınəşe	2
dənoedə	3
əfa	1
fərəc	8
dərosnedə	1
həmməysə	3
sepadijonən	1
bəlangem	2
əvəsorədə	3
jeğo	1
hədəyon	1
dəllokə	3
sədr	31
dustbe	1
nəvedəybən	1
veyən	1
obe	1
səbəb	2
ekuyedə	2
ovsənə	1
çəşmədə	2
zolım	1
haciyo	1
merdiş	2
şəvnışt	5
dimmaçine	1
guya	3
beydə	3
aspisə	1
dastko	5
tolışiyədə	1
kardimone	1
məsedə	11
divon	2
gımon	1
blşi	1
məşhur	1
jenonədə	2
tilambobe	1
huzur	2
nışe	1
pidə	2
kəşi	2
kijə	1
həb	1
ərş	2
bıhıt	2
beşo	1
şırtə	1
kto	1
noydən	7
orəxedə	1
tofiğ	1
condo	1
vəyədən	1
lıvedənin	1
səhıtedən	1
gətəşbe	1
lef	4
parizkor	1
pulo	1
noydəm	2
ğoç	1
doo	1
tolışə	12
rujnəsə	1
kardəşe	5
dəxıli	1
kumə	6
samit	3
xəsisə	1
koməg	8
omedəni	2
olxartə	1
maştəvoni	1
bəmeyəni	1
maarif	1
tojnedən	1
vəyə	19
səlomun	5
bipiyoşe	1
sofe	1
zəmini	9
dırozə	5
tikəjən	1
kəəni	1
ləzi	4
mandəbe	1
gırdılıv	1
ğab	2
kuyku	1
pişimi	1
tərsətiku	2
kədəşon	1
jıgoy	1
gınon	2
ali	2
nıngo	2
nəhmət	1
əvı	1
vite	6
omeydəşni	1
ğəbədə	1
kəlxozi	14
cife	1
imorət	1
konfransədə	2
dəvardəbe	2
epuştedə	1
ismoyli	3
kəfşən	2
zınəy	1
rumkə	2
oəçığeybən	1
xırışi	1
kagi	2
nozə	2
ğəhrəmonon	5
təsdiğ	1
kardəmeyəni	1
oko	3
nınıştə	1
sıredən	3
tılə	1
nomi	14
vəşiyə	1
sahədə	1
həvəsi	2
yumoron	1
hardə	2
pekəllə	1
gıləy	163
pərən	2
geziə	1
vığandəmone	1
bəgəm	10
dust	8
vardedə	8
omedəmon	1
səvxozi	2
zoən	1
halibe	1
məlumot	1
avans	1
arıştəşe	1
çiçiku	1
ım	55
zoəbe	1
məlum	2
bıku	1
mardənin	1
şedə	49
ivrə	1
sıbutım	1
nəvəş	1
bişim	1
bınışti	1
eğandedən	1
pust	3
kandedən	1
ğəmbər	1
hostone	4
azize	1
day	8
vılo	11
həşt	1
vindedəniş	2
nımande	1
aparət	1
piyodə	2
ogardə	2
çulə	3
rubıə	1
çolə	3
bəçimi	1
şıti	2
egıniyə	2
hoci	3
nışonə	2
kofir	1
bədə	3
feruz	1
çoknə	13
təşkil	1
dımcon	1
onəgardiş	1
zorine	1
evato	1
dastnımoji	1
yol	3
xosə	2
ziyadan	1
təhkiyə	1
urusiyəti	1
kəşedə	6
kətto	3
tobən	2
guşon	5
ıştəni	21
jıgo	81
sırogət	1
lıngəriz	1
cəfoon	1
roşon	1
hejdəri	1
səydə	42
səydəm	1
ziyofəti	1
çıl	2
evoyədə	1
zikkə	9
həyf	4
dayan	1
mahbubə	1
botl	1
ğəsdo	1
ənəho	1
harki	1
təylə	2
noxəşi	1
həyvononro	1
tarıxiyə	2
eheyyy	1
əvışon	1
şukur	4
fikış	3
dəşu	2
kiştişe	1
təmizəti	2
rişinə	1
mərtəbədə	3
siyab	5
kinəy	1
mədinə	3
ğızlovojon	2
bəşe	2
əmandə	1
ləğı	6
partiyə	6
səydoni	1
əhvatiku	1
inə	3
əyvon	2
kəybon	1
hele	1
dılxıyə	1
lıve	1
cımi	1
dıy	1
doy	19
çəvonkuşən	1
obırniyə	2
nivotime	1
fikfam	2
pişim	1
ğəzən	4
şiş	2
ğəbıston	6
məmmədəliya	1
turmədəm	1
diyədə	13
dovri	1
ğo	1
urusə	4
soronədə	5
odəmon	28
məlumoton	2
kuyəşone	1
zoəmonən	1
şəhərədə	1
komitə	1
okırne	1
səlomi	1
niyebən	4
romeşe	1
vəyuş	1
avtobusədən	1
heynədə	1
bırğədiron	1
məhtərəm	1
betəme	1
gur	1
adəti	1
məhkəmədə	3
koonədə	2
kişmişi	1
çiy	1
əzbərbe	1
gordinişe	1
şıni	1
dınyo	7
ımruj	2
fatihə	3
ofəye	1
nusrəta	1
mınışon	1
nığılə	4
lovğəti	1
ogordınişe	1
fəryod	1
məhbubə	2
tu	7
sığinə	1
dilarə	2
sabiri	2
cılmən	1
redaksiyə	1
çayxonə	3
kəsım	1
əğıli	12
mudira	1
sıxanən	1
jəyə	1
çoknəje	1
xalə	2
mizi	6
mərsiyəm	1
materialon	1
vəs	1
gəzeton	1
araxçini	1
peyğəmbərən	1
mustafayev	2
vadəm	2
merdış	1
dəbəşeyəni	1
ətrofədə	4
kuçə	8
jəydənim	1
imkoninə	1
rang	1
bardışone	4
aziz	1
işorə	3
xərəboği	3
bekardedənin	1
hıriye	2
bıgətım	1
çoştə	4
məvotbən	5
bardışe	4
abdulla	4
nibu	1
kəbəkə	3
dəvardedəni	3
həmsin	1
ikərən	2
dənoəşbe	1
ğəzəni	2
mehmonım	1
xəndəxo	1
iştəni	1
kilometr	1
sef	1
hələ	45
pegətedə	16
səkəson	1
bıvon	1
nəmandi	1
gonbe	1
kəs	17
diy	33
noxəşətiku	1
həni	59
vironə	1
oəgardin	1
coylibe	1
ruyənebən	1
peşti	1
rişi	1
tərəfədə	2
sərine	3
ğoli	2
turmədə	1
baləşən	1
fransızə	1
reçinəti	1
xısosi	1
danıvarde	2
ğəror	2
təbrik	1
nışandə	1
çimine	1
tarverdi	1
ebəgıneyəni	1
xaçinə	1
pexəviyedə	1
pələng	3
nıvardışe	1
parsi	1
cırməvulə	1
bəhəy	1
nızınəy	1
mıdrikəti	3
çıtımə	1
çiye	2
səğandon	1
şua	1
bəroən	1
baxma	2
metodikəku	1
behəyoə	1
cəbrayilı	1
dəxılış	1
çiçeya	1
astarxani	1
kutisə	1
çandi	3
ekardışe	1
maşinış	1
şır	1
həkimi	1
bandə	1
evardedə	1
tovə	12
numrə	3
maarifi	2
rəğ	1
galıb	1
oğandedə	1
rozi	6
ğıbon	9
zandəgo	12
bət	1
bıdəm	1
vəşi	5
bəti	2
şımə	18
zumand	1
çəməne	2
yongo	4
evatəşbe	1
bedəbe	4
idi	1
ğıron	5
bardedəybən	2
no	5
işti	6
bıgınoən	1
tənbəku	2
məhrəmə	2
xanımə	2
səy	45
haftə	1
məbi	4
məktəbo	1
çəşin	1
əhvolot	9
saat	9
ətrə	2
ərəğə	2
bəmıku	1
ğabon	1
ejənım	2
bahandovnəni	1
dəbe	1
hol	3
zəhmətisə	1
avgusti	1
ığınəy	1
cife	1
şəriəti	1
çovniyə	1
vojor	1
dərse	1
merdiş	1
çəyku	15
nənəxanım	1
evatıme	1
dıjd	3
bıno	2
məclisədə	7
səvon	1
luku	5
petove	3
hanədə	1
dərgəzi	2
pulə	1
şodən	1
hıkm	1
mənim	1
sutulə	1
gəmi	4
put	1
ğodrət	2
dastonışon	1
dəğığə	3
bejenbe	1
nəsihət	2
dəvinəo	1
məsəş	1
maşini	14
sırəçəkkənə	1
zəminiro	1
dəboxtedə	1
mışkəmi	1
dərs	4
tərənnum	1
tualeti	2
dənoydən	2
çoke	6
gulxanım	4
xeyzoni	1
molı	1
mərdi	1
çand	6
burti	6
tate	1
sute	6
əvindiybən	1
təftiş	1
kəfşənədə	3
məsəl	1
jenpərəstə	1
çımıkiyon	1
ğəti	1
bəpime	2
kitobəli	9
biniviştən	1
xəlğ	1
xıyoə	1
oxoy	10
şair	1
sori	7
umuj	1
ruji	38
əyobe	1
ah	1
sırəçəkkə	2
həvoy	1
hı	2
məjən	1
hestışone	2
imdodi	1
vardə	4
məkənən	1
soriku	1
matəm	1
zərfət	2
bıvotom	1
bədi	2
rosnedəm	1
boştə	18
ləmə	1
lampə	2
pencəku	4
pegardiha	1
dəvardedə	7
asbo	1
ıştıku	2
həbs	1
əhvoloton	2
məlonən	1
poladən	1
kinən	2
pegardedə	3
deyəvon	1
pozəvədə	1
bınıvıştım	1
bebəşe	1
kanə	5
nıkardə	1
boşamon	1
piyedəşbe	2
behiştə	1
bedənibu	1
huccət	1
cəm	2
vərəsə	1
pusti	2
tikror	2
petatedə	2
əğəhuseyniku	1
ovış	1
ziyadbe	1
bədiiyə	1
kəlon	4
vərəvurd	1
oçın	2
kopug	1
hıri	1
pentoniyən	1
dəmon	2
bıvotəni	2
gıniyəş	1
okıriyedə	1
gırdomon	1
pekuedə	1
gəzetonədə	1
peşkəo	1
kələ	14
bıjənı	3
tikəy	2
bəste	1
vindedə	57
lətifəsə	1
səydəninbən	1
vizi	1
bekardedəni	1
səfə	6
parsəyn	3
merde	3
sıxanbıkəbe	1
pol	1
gəflətən	1
bışiş	1
prokurorən	1
bunum	10
şorunu	2
beicozə	1
ətır	1
parsedə	2
əzınin	1
pars	1
yusif	2
sıpəkutilə	2
kosibəti	1
sərrostəti	1
həmuş	1
rujbəmiyon	1
vo	2
xuni	1
lıvbəlıv	1
şapi	6
doxtoron	2
hırdən	2
gabrovo	1
voyedən	1
tərg	1
pilo	2
parizim	1
belə	1
dıjdi	1
şodəmon	1
hodison	3
asimi	1
ogardənibin	1
jenım	1
noroziyəti	1
zındənişon	1
vindeədə	6
bəgəte	5
noxuti	1
peroxon	1
duyəbınə	1
nıkəy	2
iluləy	1
vardedənıbe	1
zərfətə	3
nəsıl	2
hakanə	9
fərğinə	1
mandəy	2
hukuməti	1
kəxəlizi	7
vəkili	2
peskande	2
kardəmnəbəy	1
odəmonədə	2
bibuş	1
şıkırne	2
şəxi	1
çıkiku	1
oje	1
kəbə	1
ğiymət	1
bətısə	1
bıbəy	2
çəxməx	1
pelarzedə	3
taspəy	1
s	1
odəmı	1
əvəzi	5
etibar	1
votedəm	5
mədoj	1
iman	3
viii	1
dabastedən	1
bebəhrə	1
bıdəmon	1
dıləo	1
xosyətiku	1
bızını	2
egardə	1
namə	2
zıvonədə	1
diyovıj	1
oxşedən	1
ekuyədə	1
nığıli	2
şoli	1
cılımon	2
xıvandi	1
ime	2
çətinə	1
mexi	1
axməxi	1
çanə	18
bınıvışdi	1
koəkon	2
əməsiybən	1
vardem	2
nəzədə	3
obəkırnen	1
leki	2
ney	1
bivot	2
hakane	1
nıştedəş	1
peçınən	1
yolbe	3
vışkedəni	1
tolışi	16
vadoydə	1
sovet	1
həmişəynə	2
rostəvoj	1
vii	1
şirməmmədi	1
ğoli	1
lışte	1
dave	8
əloc	1
bekardedəm	1
riş	3
hışkə	1
tarif	3
feldşer	1
şəvən	1
dardiku	1
əslındə	1
iglən	2
moə	4
mardedə	4
əhvoli	1
avtobusədə	2
sınci	1
sıxanədə	1
milisioneri	1
sənibəton	2
peyğəmbər	3
ku	4
şıtnə	1
boylima	1
insonbe	1
nıbeyəti	1
ekardə	1
vırə	33
deçəvon	2
votışone	4
mənotən	1
kamaliyən	1
alimon	1
sa	8
ğudrət	9
odəmonədəbe	1
lətifon	20
nıbardışone	1
gələ	1
giti	1
vevə	8
ça	1
dəvardedəbən	1
gılə	31
şin	7
kəj	1
vaxtış	1
urus	2
tırkə	1
dustəti	1
eşte	1
xəşəcon	1
əkəy	7
koon	7
sipirişe	1
patedəm	1
əbəy	2
işarə	1
pebırnedə	1
maşkinə	1
sənətkoə	1
iltimasi	1
elədi	1
intriğə	1
əvotim	1
yədullamon	1
famedə	2
heydər	4
beabru	4
nəhyə	1
xorəki	4
araxçin	4
zoklə	1
yəxə	1
nədəji	1
məsedəybən	1
mılxəs	7
doxtorəti	1
oçinən	1
bərkbe	1
əjənin	1
sıxaniyən	1
şəvon	4
həzohəlbət	1
həyo	1
harde	8
həsi	1
sixani	1
çokebən	1
zımıstonə	2
çəğın	2
sıxanış	1
imən	2
iminə	7
okırnişone	2
hardemonım	1
ki	234
mustafayevi	1
langedəş	1
xolçə	1
davesə	1
moxtar	1
peşedə	2
huyə	1
əbəybən	1
bıbaxşı	1
nıştedə	11
məvıt	1
islami	3
ədəyn	2
gujd	12
niyən	1
gabil	2
işkil	1
pelxartən	1
jəy	17
noəni	1
məbə	3
keçə	2
əğə	15
oğətəmbe	1
voyenkomat	1
edyəsedə	4
idə	1
gılfə	1
tıləy	1
bobomən	1
səpe	18
şeyx	10
mıhumə	1
pekıştedə	1
vitedə	6
bıdon	1
ruyon	1
mamu	200
pepuştə	2
beəşi	1
dəyən	1
gəvdəbastə	1
bıvit	1
şəxsiyəton	2
azizə	3
ic	2
misali	2
lod	4
ənədə	1
səlomə	1
əğətni	1
gılı	1
vasvası	1
li	1
nəvəbe	1
əgəm	1
məlul	1
roonsə	1
nəve	4
mayıf	1
merdi	23
hovonən	1
tarsəyn	1
ğırbon	3
ğoymi	1
luzisə	1
əstənişəni	1
dəşiş	2
kırçi	1
sutedə	2
tarsedəniş	1
sinə	2
huzr	1
çto	2
yoxdur	1
hıvos	1
votıme	3
diyəro	7
əkəni	1
yunisiməni	1
çəşonış	2
bəvotem	2
voş	2
se	26
imi	6
noməy	1
jigo	6
dəvardeədə	1
vaxte	2
sovxozi	6
ebarde	2
ərki	1
dərəsdəni	1
çıbıznım	1
sağande	1
əğili	1
çayxonədə	4
sati	3
nızınəşone	1
təcub	3
biləmon	2
ogardım	1
dəşe	1
jəğo	3
zinə	1
kovrə	3
bi	3
perosniyəşbe	1
bəpe	14
məzmuni	1
obırnedəmonəni	1
mardəye	1
mange	1
cəmədon	1
əvotim	1
mənot	6
behan	1
konolə	1
votəşone	2
çi	1
həğiğət	1
mutə	1
təhməzi	3
iflicə	1
bekardışe	1
votedəni	6
nəbəyş	1
vəy	4
rokirə	1
hədəfin	1
həmoə	1
bənoş	2
ğıronbahandon	1
pegardıha	1
ostorojon	3
səfeyə	2
pıyedə	1
çokne	5
noydə	19
tarverdi	2
huseyni	3
puli	3
patə	10
kuye	5
tikəyən	8
bədo	1
məslohat	10
bərkə	2
nıvinde	2
omeədə	6
ovoştınedə	1
jenış	2
əğlon	4
kəlom	3
kəy	39
nıjənı	1
molə	1
zo	2
huseyni	1
aşi	1
ekardedə	4
ətojni	1
bıə	73
dərəsedəbe	1
fəğırə	1
eğandəmon	1
bəloğəti	1
movardə	1
sıftənə	2
ğəmbərə	5
əslən	3
bərk	33
ğəlbi	1
pelovnedən	1
cırisə	2
dəy	9
ticorət	2
əsl	1
məsdəni	1
azod	2
ocollo	1
jenonku	3
bedə	118
votedən	28
xəməniku	1
arışteədə	1
okırnedəm	1
sovə	1
çorə	1
mə	4
bikəş	2
eşə	1
zabil	4
sıxanon	42
mərkəzədə	1
pulən	1
gıfləş	1
əvotibən	1
bıriyə	1
vığandəşone	1
çə	27
mehmoni	4
ruyəkəno	1
nəvedənbən	2
beşin	2
noxut	1
arzu	1
hırə	1
huseynguli	1
kabinet	1
bıbu	12
nəvedəbe	1
çəmi	1
rəhbəri	1
mahmudi	2
kədəkiyonən	1
şəvədə	2
